Symbol,Country,State,State FIP,County,County FIP
MEOF,Canada,Alberta,1,,
MEOF,United States,Alabama,1,,
MEOF,United States,Alabama,1,Greene,63
MEOF,United States,Alabama,1,Hale,65
MEOF,United States,Alabama,1,Pickens,107
MEOF,United States,Alabama,1,Tuscaloosa,125
MEOF,Canada,British Columbia,2,,
MEOF,United States,Alaska,2,,
MEOF,United States,Alaska,2,Anchorage,20
MEOF,United States,Alaska,2,Fairbanks North Star,90
MEOF,United States,Alaska,2,Kenai Peninsula,122
MEOF,United States,Alaska,2,Matanuska-Susitna,170
MEOF,United States,Alaska,2,Valdez-Cordova,261
MEOF,United States,Alaska,2,Yukon-Koyukuk,290
MEOF,Canada,Manitoba,3,,
MEOF,Canada,New Brunswick,4,,
MEOF,United States,Arizona,4,,
MEOF,United States,Arizona,4,Apache,1
MEOF,United States,Arizona,4,Cochise,3
MEOF,United States,Arizona,4,Coconino,5
MEOF,United States,Arizona,4,Gila,7
MEOF,United States,Arizona,4,Graham,9
MEOF,United States,Arizona,4,Maricopa,13
MEOF,United States,Arizona,4,Navajo,17
MEOF,United States,Arizona,4,Pima,19
MEOF,United States,Arizona,4,Pinal,21
MEOF,United States,Arizona,4,Santa Cruz,23
MEOF,United States,Arizona,4,Yavapai,25
MEOF,United States,Arkansas,5,,
MEOF,United States,Arkansas,5,Ashley,3
MEOF,United States,Arkansas,5,Baxter,5
MEOF,United States,Arkansas,5,Benton,7
MEOF,United States,Arkansas,5,Carroll,15
MEOF,United States,Arkansas,5,Clark,19
MEOF,United States,Arkansas,5,Clay,21
MEOF,United States,Arkansas,5,Cleburne,23
MEOF,United States,Arkansas,5,Conway,29
MEOF,United States,Arkansas,5,Craighead,31
MEOF,United States,Arkansas,5,Crawford,33
MEOF,United States,Arkansas,5,Crittenden,35
MEOF,United States,Arkansas,5,Faulkner,45
MEOF,United States,Arkansas,5,Franklin,47
MEOF,United States,Arkansas,5,Fulton,49
MEOF,United States,Arkansas,5,Grant,53
MEOF,United States,Arkansas,5,Hempstead,57
MEOF,United States,Arkansas,5,Independence,63
MEOF,United States,Arkansas,5,Izard,65
MEOF,United States,Arkansas,5,Jefferson,69
MEOF,United States,Arkansas,5,Lafayette,73
MEOF,United States,Arkansas,5,Lawrence,75
MEOF,United States,Arkansas,5,Lee,77
MEOF,United States,Arkansas,5,Little River,81
MEOF,United States,Arkansas,5,Logan,83
MEOF,United States,Arkansas,5,Madison,87
MEOF,United States,Arkansas,5,Marion,89
MEOF,United States,Arkansas,5,Mississippi,93
MEOF,United States,Arkansas,5,Montgomery,97
MEOF,United States,Arkansas,5,Newton,101
MEOF,United States,Arkansas,5,Perry,105
MEOF,United States,Arkansas,5,Phillips,107
MEOF,United States,Arkansas,5,Poinsett,111
MEOF,United States,Arkansas,5,Pope,115
MEOF,United States,Arkansas,5,Prairie,117
MEOF,United States,Arkansas,5,Pulaski,119
MEOF,United States,Arkansas,5,Randolph,121
MEOF,United States,Arkansas,5,Searcy,129
MEOF,United States,Arkansas,5,Sevier,133
MEOF,United States,Arkansas,5,Sharp,135
MEOF,United States,Arkansas,5,St. Francis,123
MEOF,United States,Arkansas,5,Stone,137
MEOF,United States,Arkansas,5,Van Buren,141
MEOF,United States,Arkansas,5,Washington,143
MEOF,United States,California,6,,
MEOF,United States,California,6,Alameda,1
MEOF,United States,California,6,Butte,7
MEOF,United States,California,6,Calaveras,9
MEOF,United States,California,6,Contra Costa,13
MEOF,United States,California,6,Del Norte,15
MEOF,United States,California,6,El Dorado,17
MEOF,United States,California,6,Fresno,19
MEOF,United States,California,6,Glenn,21
MEOF,United States,California,6,Humboldt,23
MEOF,United States,California,6,Imperial,25
MEOF,United States,California,6,Inyo,27
MEOF,United States,California,6,Kern,29
MEOF,United States,California,6,Lake,33
MEOF,United States,California,6,Los Angeles,37
MEOF,United States,California,6,Marin,41
MEOF,United States,California,6,Mariposa,43
MEOF,United States,California,6,Mendocino,45
MEOF,United States,California,6,Merced,47
MEOF,United States,California,6,Modoc,49
MEOF,United States,California,6,Mono,51
MEOF,United States,California,6,Monterey,53
MEOF,United States,California,6,Napa,55
MEOF,United States,California,6,Nevada,57
MEOF,United States,California,6,Orange,59
MEOF,United States,California,6,Placer,61
MEOF,United States,California,6,Plumas,63
MEOF,United States,California,6,Riverside,65
MEOF,United States,California,6,Sacramento,67
MEOF,United States,California,6,San Bernardino,71
MEOF,United States,California,6,San Diego,73
MEOF,United States,California,6,San Francisco,75
MEOF,United States,California,6,San Joaquin,77
MEOF,United States,California,6,San Luis Obispo,79
MEOF,United States,California,6,San Mateo,81
MEOF,United States,California,6,Santa Barbara,83
MEOF,United States,California,6,Santa Clara,85
MEOF,United States,California,6,Santa Cruz,87
MEOF,United States,California,6,Shasta,89
MEOF,United States,California,6,Siskiyou,93
MEOF,United States,California,6,Solano,95
MEOF,United States,California,6,Sonoma,97
MEOF,United States,California,6,Stanislaus,99
MEOF,United States,California,6,Sutter,101
MEOF,United States,California,6,Tehama,103
MEOF,United States,California,6,Trinity,105
MEOF,United States,California,6,Tulare,107
MEOF,United States,California,6,Tuolumne,109
MEOF,United States,California,6,Ventura,111
MEOF,United States,California,6,Yolo,113
MEOF,Canada,Nova Scotia,7,,
MEOF,Canada,Ontario,8,,
MEOF,United States,Colorado,8,,
MEOF,United States,Colorado,8,Alamosa,3
MEOF,United States,Colorado,8,Arapahoe,5
MEOF,United States,Colorado,8,Archuleta,7
MEOF,United States,Colorado,8,Baca,9
MEOF,United States,Colorado,8,Boulder,13
MEOF,United States,Colorado,8,Cheyenne,17
MEOF,United States,Colorado,8,Custer,27
MEOF,United States,Colorado,8,Delta,29
MEOF,United States,Colorado,8,El Paso,41
MEOF,United States,Colorado,8,Garfield,45
MEOF,United States,Colorado,8,Gilpin,47
MEOF,United States,Colorado,8,Grand,49
MEOF,United States,Colorado,8,Gunnison,51
MEOF,United States,Colorado,8,Huerfano,55
MEOF,United States,Colorado,8,Jackson,57
MEOF,United States,Colorado,8,Jefferson,59
MEOF,United States,Colorado,8,Kit Carson,63
MEOF,United States,Colorado,8,La Plata,67
MEOF,United States,Colorado,8,Larimer,69
MEOF,United States,Colorado,8,Las Animas,71
MEOF,United States,Colorado,8,Logan,75
MEOF,United States,Colorado,8,Mesa,77
MEOF,United States,Colorado,8,Moffat,81
MEOF,United States,Colorado,8,Montezuma,83
MEOF,United States,Colorado,8,Montrose,85
MEOF,United States,Colorado,8,Otero,89
MEOF,United States,Colorado,8,Pitkin,97
MEOF,United States,Colorado,8,Rio Blanco,103
MEOF,United States,Colorado,8,Routt,107
MEOF,United States,Colorado,8,San Miguel,113
MEOF,United States,Colorado,8,Sedgwick,115
MEOF,United States,Colorado,8,Summit,117
MEOF,United States,Colorado,8,Teller,119
MEOF,United States,Colorado,8,Washington,121
MEOF,United States,Colorado,8,Weld,123
MEOF,United States,Colorado,8,Yuma,125
MEOF,Canada,Prince Edward Island,9,,
MEOF,United States,Connecticut,9,,
MEOF,United States,Connecticut,9,Fairfield,1
MEOF,United States,Connecticut,9,Hartford,3
MEOF,United States,Connecticut,9,Litchfield,5
MEOF,United States,Connecticut,9,Middlesex,7
MEOF,United States,Connecticut,9,New Haven,9
MEOF,United States,Connecticut,9,New London,11
MEOF,United States,Connecticut,9,Tolland,13
MEOF,Canada,Quebec,10,,
MEOF,United States,Delaware,10,,
MEOF,United States,Delaware,10,New Castle,3
MEOF,Canada,Saskatchewan,11,,
MEOF,United States,District of Columbia,11,,
MEOF,United States,District of Columbia,11,District of Columbia,1
MEOF,Canada,Yukon,12,,
MEOF,United States,Florida,12,,
MEOF,United States,Florida,12,Alachua,1
MEOF,United States,Florida,12,Bradford,7
MEOF,United States,Florida,12,Citrus,17
MEOF,United States,Florida,12,Clay,19
MEOF,United States,Florida,12,Columbia,23
MEOF,United States,Florida,12,Duval,31
MEOF,United States,Florida,12,Escambia,33
MEOF,United States,Florida,12,Franklin,37
MEOF,United States,Florida,12,Gadsden,39
MEOF,United States,Florida,12,Gulf,45
MEOF,United States,Florida,12,Hardee,49
MEOF,United States,Florida,12,Hendry,51
MEOF,United States,Florida,12,Hernando,53
MEOF,United States,Florida,12,Highlands,55
MEOF,United States,Florida,12,Hillsborough,57
MEOF,United States,Florida,12,Jackson,63
MEOF,United States,Florida,12,Jefferson,65
MEOF,United States,Florida,12,Lafayette,67
MEOF,United States,Florida,12,Lake,69
MEOF,United States,Florida,12,Lee,71
MEOF,United States,Florida,12,Leon,73
MEOF,United States,Florida,12,Levy,75
MEOF,United States,Florida,12,Manatee,81
MEOF,United States,Florida,12,Marion,83
MEOF,United States,Florida,12,Martin,85
MEOF,United States,Florida,12,Miami-Dade,86
MEOF,United States,Florida,12,Monroe,87
MEOF,United States,Florida,12,Nassau,89
MEOF,United States,Florida,12,Okeechobee,93
MEOF,United States,Florida,12,Orange,95
MEOF,United States,Florida,12,Osceola,97
MEOF,United States,Florida,12,Pasco,101
MEOF,United States,Florida,12,Pinellas,103
MEOF,United States,Florida,12,Putnam,107
MEOF,United States,Florida,12,Sarasota,115
MEOF,United States,Florida,12,Seminole,117
MEOF,United States,Florida,12,St. Johns,109
MEOF,United States,Florida,12,Sumter,119
MEOF,United States,Florida,12,Taylor,123
MEOF,United States,Florida,12,Union,125
MEOF,United States,Florida,12,Volusia,127
MEOF,Canada,Northwest Territories,13,,
MEOF,United States,Georgia,13,,
MEOF,United States,Georgia,13,Barrow,13
MEOF,United States,Georgia,13,Chatham,51
MEOF,United States,Georgia,13,Clarke,59
MEOF,United States,Georgia,13,Douglas,97
MEOF,United States,Georgia,13,Elbert,105
MEOF,United States,Georgia,13,Floyd,115
MEOF,United States,Georgia,13,Fulton,121
MEOF,United States,Georgia,13,Grady,131
MEOF,United States,Georgia,13,Hall,139
MEOF,United States,Georgia,13,Long,183
MEOF,United States,Georgia,13,Murray,213
MEOF,United States,Georgia,13,Pickens,227
MEOF,United States,Georgia,13,Sumter,261
MEOF,United States,Georgia,13,Taylor,269
MEOF,United States,Georgia,13,Walker,295
MEOF,United States,Georgia,13,Whitfield,313
MEOF,United States,Hawaii,15,,
MEOF,United States,Hawaii,15,Hawaii,1
MEOF,United States,Hawaii,15,Kauai,7
MEOF,United States,Hawaii,15,Maui,9
MEOF,United States,Idaho,16,,
MEOF,United States,Idaho,16,Ada,1
MEOF,United States,Idaho,16,Bannock,5
MEOF,United States,Idaho,16,Bear Lake,7
MEOF,United States,Idaho,16,Bingham,11
MEOF,United States,Idaho,16,Blaine,13
MEOF,United States,Idaho,16,Boise,15
MEOF,United States,Idaho,16,Bonner,17
MEOF,United States,Idaho,16,Bonneville,19
MEOF,United States,Idaho,16,Butte,23
MEOF,United States,Idaho,16,Canyon,27
MEOF,United States,Idaho,16,Cassia,31
MEOF,United States,Idaho,16,Clark,33
MEOF,United States,Idaho,16,Clearwater,35
MEOF,United States,Idaho,16,Franklin,41
MEOF,United States,Idaho,16,Fremont,43
MEOF,United States,Idaho,16,Gem,45
MEOF,United States,Idaho,16,Idaho,49
MEOF,United States,Idaho,16,Jefferson,51
MEOF,United States,Idaho,16,Kootenai,55
MEOF,United States,Idaho,16,Latah,57
MEOF,United States,Idaho,16,Lemhi,59
MEOF,United States,Idaho,16,Lincoln,63
MEOF,United States,Idaho,16,Madison,65
MEOF,United States,Idaho,16,Nez Perce,69
MEOF,United States,Idaho,16,Owyhee,73
MEOF,United States,Idaho,16,Twin Falls,83
MEOF,United States,Idaho,16,Valley,85
MEOF,United States,Idaho,16,Washington,87
MEOF,United States,Illinois,17,,
MEOF,United States,Illinois,17,Adams,1
MEOF,United States,Illinois,17,Alexander,3
MEOF,United States,Illinois,17,Bond,5
MEOF,United States,Illinois,17,Boone,7
MEOF,United States,Illinois,17,Brown,9
MEOF,United States,Illinois,17,Bureau,11
MEOF,United States,Illinois,17,Calhoun,13
MEOF,United States,Illinois,17,Carroll,15
MEOF,United States,Illinois,17,Cass,17
MEOF,United States,Illinois,17,Champaign,19
MEOF,United States,Illinois,17,Christian,21
MEOF,United States,Illinois,17,Clark,23
MEOF,United States,Illinois,17,Clay,25
MEOF,United States,Illinois,17,Clinton,27
MEOF,United States,Illinois,17,Coles,29
MEOF,United States,Illinois,17,Cook,31
MEOF,United States,Illinois,17,Crawford,33
MEOF,United States,Illinois,17,Cumberland,35
MEOF,United States,Illinois,17,De Witt,39
MEOF,United States,Illinois,17,DeKalb,37
MEOF,United States,Illinois,17,Douglas,41
MEOF,United States,Illinois,17,DuPage,43
MEOF,United States,Illinois,17,Edgar,45
MEOF,United States,Illinois,17,Edwards,47
MEOF,United States,Illinois,17,Effingham,49
MEOF,United States,Illinois,17,Fayette,51
MEOF,United States,Illinois,17,Ford,53
MEOF,United States,Illinois,17,Franklin,55
MEOF,United States,Illinois,17,Fulton,57
MEOF,United States,Illinois,17,Gallatin,59
MEOF,United States,Illinois,17,Greene,61
MEOF,United States,Illinois,17,Grundy,63
MEOF,United States,Illinois,17,Hamilton,65
MEOF,United States,Illinois,17,Hancock,67
MEOF,United States,Illinois,17,Hardin,69
MEOF,United States,Illinois,17,Henderson,71
MEOF,United States,Illinois,17,Henry,73
MEOF,United States,Illinois,17,Iroquois,75
MEOF,United States,Illinois,17,Jackson,77
MEOF,United States,Illinois,17,Jasper,79
MEOF,United States,Illinois,17,Jefferson,81
MEOF,United States,Illinois,17,Jersey,83
MEOF,United States,Illinois,17,Jo Daviess,85
MEOF,United States,Illinois,17,Johnson,87
MEOF,United States,Illinois,17,Kane,89
MEOF,United States,Illinois,17,Kankakee,91
MEOF,United States,Illinois,17,Kendall,93
MEOF,United States,Illinois,17,Knox,95
MEOF,United States,Illinois,17,Lake,97
MEOF,United States,Illinois,17,LaSalle,99
MEOF,United States,Illinois,17,Lawrence,101
MEOF,United States,Illinois,17,Lee,103
MEOF,United States,Illinois,17,Livingston,105
MEOF,United States,Illinois,17,Logan,107
MEOF,United States,Illinois,17,Macon,115
MEOF,United States,Illinois,17,Macoupin,117
MEOF,United States,Illinois,17,Madison,119
MEOF,United States,Illinois,17,Marion,121
MEOF,United States,Illinois,17,Marshall,123
MEOF,United States,Illinois,17,Mason,125
MEOF,United States,Illinois,17,Massac,127
MEOF,United States,Illinois,17,McDonough,109
MEOF,United States,Illinois,17,McHenry,111
MEOF,United States,Illinois,17,McLean,113
MEOF,United States,Illinois,17,Menard,129
MEOF,United States,Illinois,17,Mercer,131
MEOF,United States,Illinois,17,Monroe,133
MEOF,United States,Illinois,17,Montgomery,135
MEOF,United States,Illinois,17,Morgan,137
MEOF,United States,Illinois,17,Moultrie,139
MEOF,United States,Illinois,17,Ogle,141
MEOF,United States,Illinois,17,Peoria,143
MEOF,United States,Illinois,17,Perry,145
MEOF,United States,Illinois,17,Piatt,147
MEOF,United States,Illinois,17,Pike,149
MEOF,United States,Illinois,17,Pope,151
MEOF,United States,Illinois,17,Pulaski,153
MEOF,United States,Illinois,17,Putnam,155
MEOF,United States,Illinois,17,Randolph,157
MEOF,United States,Illinois,17,Richland,159
MEOF,United States,Illinois,17,Rock Island,161
MEOF,United States,Illinois,17,Saline,165
MEOF,United States,Illinois,17,Sangamon,167
MEOF,United States,Illinois,17,Schuyler,169
MEOF,United States,Illinois,17,Scott,171
MEOF,United States,Illinois,17,Shelby,173
MEOF,United States,Illinois,17,St. Clair,163
MEOF,United States,Illinois,17,Stark,175
MEOF,United States,Illinois,17,Stephenson,177
MEOF,United States,Illinois,17,Tazewell,179
MEOF,United States,Illinois,17,Union,181
MEOF,United States,Illinois,17,Vermilion,183
MEOF,United States,Illinois,17,Wabash,185
MEOF,United States,Illinois,17,Warren,187
MEOF,United States,Illinois,17,Washington,189
MEOF,United States,Illinois,17,Wayne,191
MEOF,United States,Illinois,17,White,193
MEOF,United States,Illinois,17,Whiteside,195
MEOF,United States,Illinois,17,Will,197
MEOF,United States,Illinois,17,Williamson,199
MEOF,United States,Illinois,17,Winnebago,201
MEOF,United States,Illinois,17,Woodford,203
MEOF,United States,Indiana,18,,
MEOF,United States,Indiana,18,Allen,3
MEOF,United States,Indiana,18,Benton,7
MEOF,United States,Indiana,18,Blackford,9
MEOF,United States,Indiana,18,Boone,11
MEOF,United States,Indiana,18,Brown,13
MEOF,United States,Indiana,18,Cass,17
MEOF,United States,Indiana,18,Clark,19
MEOF,United States,Indiana,18,Clay,21
MEOF,United States,Indiana,18,Clinton,23
MEOF,United States,Indiana,18,Crawford,25
MEOF,United States,Indiana,18,Dearborn,29
MEOF,United States,Indiana,18,Decatur,31
MEOF,United States,Indiana,18,Delaware,35
MEOF,United States,Indiana,18,Elkhart,39
MEOF,United States,Indiana,18,Fayette,41
MEOF,United States,Indiana,18,Floyd,43
MEOF,United States,Indiana,18,Fountain,45
MEOF,United States,Indiana,18,Franklin,47
MEOF,United States,Indiana,18,Gibson,51
MEOF,United States,Indiana,18,Grant,53
MEOF,United States,Indiana,18,Greene,55
MEOF,United States,Indiana,18,Hamilton,57
MEOF,United States,Indiana,18,Hancock,59
MEOF,United States,Indiana,18,Harrison,61
MEOF,United States,Indiana,18,Hendricks,63
MEOF,United States,Indiana,18,Henry,65
MEOF,United States,Indiana,18,Howard,67
MEOF,United States,Indiana,18,Huntington,69
MEOF,United States,Indiana,18,Jackson,71
MEOF,United States,Indiana,18,Jasper,73
MEOF,United States,Indiana,18,Jefferson,77
MEOF,United States,Indiana,18,Jennings,79
MEOF,United States,Indiana,18,Johnson,81
MEOF,United States,Indiana,18,Knox,83
MEOF,United States,Indiana,18,Kosciusko,85
MEOF,United States,Indiana,18,Lagrange,87
MEOF,United States,Indiana,18,Lake,89
MEOF,United States,Indiana,18,LaPorte,91
MEOF,United States,Indiana,18,Lawrence,93
MEOF,United States,Indiana,18,Madison,95
MEOF,United States,Indiana,18,Marion,97
MEOF,United States,Indiana,18,Martin,101
MEOF,United States,Indiana,18,Monroe,105
MEOF,United States,Indiana,18,Montgomery,107
MEOF,United States,Indiana,18,Morgan,109
MEOF,United States,Indiana,18,Newton,111
MEOF,United States,Indiana,18,Noble,113
MEOF,United States,Indiana,18,Ohio,115
MEOF,United States,Indiana,18,Orange,117
MEOF,United States,Indiana,18,Owen,119
MEOF,United States,Indiana,18,Parke,121
MEOF,United States,Indiana,18,Porter,127
MEOF,United States,Indiana,18,Posey,129
MEOF,United States,Indiana,18,Pulaski,131
MEOF,United States,Indiana,18,Putnam,133
MEOF,United States,Indiana,18,Randolph,135
MEOF,United States,Indiana,18,Ripley,137
MEOF,United States,Indiana,18,Rush,139
MEOF,United States,Indiana,18,Shelby,145
MEOF,United States,Indiana,18,Spencer,147
MEOF,United States,Indiana,18,St. Joseph,141
MEOF,United States,Indiana,18,Starke,149
MEOF,United States,Indiana,18,Steuben,151
MEOF,United States,Indiana,18,Sullivan,153
MEOF,United States,Indiana,18,Switzerland,155
MEOF,United States,Indiana,18,Tippecanoe,157
MEOF,United States,Indiana,18,Tipton,159
MEOF,United States,Indiana,18,Union,161
MEOF,United States,Indiana,18,Vanderburgh,163
MEOF,United States,Indiana,18,Vermillion,165
MEOF,United States,Indiana,18,Vigo,167
MEOF,United States,Indiana,18,Wabash,169
MEOF,United States,Indiana,18,Warren,171
MEOF,United States,Indiana,18,Washington,175
MEOF,United States,Indiana,18,Wayne,177
MEOF,United States,Indiana,18,Wells,179
MEOF,United States,Indiana,18,White,181
MEOF,United States,Indiana,18,Whitley,183
MEOF,United States,Iowa,19,,
MEOF,United States,Iowa,19,Cherokee,35
MEOF,United States,Iowa,19,Crawford,47
MEOF,United States,Iowa,19,Ida,93
MEOF,United States,Iowa,19,Lyon,119
MEOF,United States,Iowa,19,Mahaska,123
MEOF,United States,Iowa,19,Monona,133
MEOF,United States,Iowa,19,O'Brien,141
MEOF,United States,Iowa,19,Osceola,143
MEOF,United States,Iowa,19,Page,145
MEOF,United States,Iowa,19,Plymouth,149
MEOF,United States,Iowa,19,Sioux,167
MEOF,United States,Iowa,19,Taylor,173
MEOF,United States,Iowa,19,Webster,187
MEOF,United States,Iowa,19,Woodbury,193
MEOF,United States,Kansas,20,,
MEOF,United States,Kansas,20,Allen,1
MEOF,United States,Kansas,20,Anderson,3
MEOF,United States,Kansas,20,Atchison,5
MEOF,United States,Kansas,20,Barber,7
MEOF,United States,Kansas,20,Barton,9
MEOF,United States,Kansas,20,Bourbon,11
MEOF,United States,Kansas,20,Brown,13
MEOF,United States,Kansas,20,Butler,15
MEOF,United States,Kansas,20,Chase,17
MEOF,United States,Kansas,20,Chautauqua,19
MEOF,United States,Kansas,20,Cherokee,21
MEOF,United States,Kansas,20,Cheyenne,23
MEOF,United States,Kansas,20,Clark,25
MEOF,United States,Kansas,20,Clay,27
MEOF,United States,Kansas,20,Cloud,29
MEOF,United States,Kansas,20,Coffey,31
MEOF,United States,Kansas,20,Comanche,33
MEOF,United States,Kansas,20,Cowley,35
MEOF,United States,Kansas,20,Crawford,37
MEOF,United States,Kansas,20,Decatur,39
MEOF,United States,Kansas,20,Dickinson,41
MEOF,United States,Kansas,20,Doniphan,43
MEOF,United States,Kansas,20,Douglas,45
MEOF,United States,Kansas,20,Edwards,47
MEOF,United States,Kansas,20,Elk,49
MEOF,United States,Kansas,20,Ellis,51
MEOF,United States,Kansas,20,Ellsworth,53
MEOF,United States,Kansas,20,Finney,55
MEOF,United States,Kansas,20,Ford,57
MEOF,United States,Kansas,20,Franklin,59
MEOF,United States,Kansas,20,Geary,61
MEOF,United States,Kansas,20,Gove,63
MEOF,United States,Kansas,20,Graham,65
MEOF,United States,Kansas,20,Grant,67
MEOF,United States,Kansas,20,Gray,69
MEOF,United States,Kansas,20,Greeley,71
MEOF,United States,Kansas,20,Greenwood,73
MEOF,United States,Kansas,20,Hamilton,75
MEOF,United States,Kansas,20,Harper,77
MEOF,United States,Kansas,20,Harvey,79
MEOF,United States,Kansas,20,Haskell,81
MEOF,United States,Kansas,20,Hodgeman,83
MEOF,United States,Kansas,20,Jackson,85
MEOF,United States,Kansas,20,Jefferson,87
MEOF,United States,Kansas,20,Jewell,89
MEOF,United States,Kansas,20,Johnson,91
MEOF,United States,Kansas,20,Kearny,93
MEOF,United States,Kansas,20,Kingman,95
MEOF,United States,Kansas,20,Kiowa,97
MEOF,United States,Kansas,20,Labette,99
MEOF,United States,Kansas,20,Lane,101
MEOF,United States,Kansas,20,Leavenworth,103
MEOF,United States,Kansas,20,Lincoln,105
MEOF,United States,Kansas,20,Linn,107
MEOF,United States,Kansas,20,Logan,109
MEOF,United States,Kansas,20,Lyon,111
MEOF,United States,Kansas,20,Marion,115
MEOF,United States,Kansas,20,Marshall,117
MEOF,United States,Kansas,20,McPherson,113
MEOF,United States,Kansas,20,Meade,119
MEOF,United States,Kansas,20,Miami,121
MEOF,United States,Kansas,20,Mitchell,123
MEOF,United States,Kansas,20,Montgomery,125
MEOF,United States,Kansas,20,Morris,127
MEOF,United States,Kansas,20,Morton,129
MEOF,United States,Kansas,20,Nemaha,131
MEOF,United States,Kansas,20,Neosho,133
MEOF,United States,Kansas,20,Ness,135
MEOF,United States,Kansas,20,Norton,137
MEOF,United States,Kansas,20,Osage,139
MEOF,United States,Kansas,20,Osborne,141
MEOF,United States,Kansas,20,Ottawa,143
MEOF,United States,Kansas,20,Pawnee,145
MEOF,United States,Kansas,20,Phillips,147
MEOF,United States,Kansas,20,Pottawatomie,149
MEOF,United States,Kansas,20,Pratt,151
MEOF,United States,Kansas,20,Rawlins,153
MEOF,United States,Kansas,20,Reno,155
MEOF,United States,Kansas,20,Republic,157
MEOF,United States,Kansas,20,Rice,159
MEOF,United States,Kansas,20,Riley,161
MEOF,United States,Kansas,20,Rooks,163
MEOF,United States,Kansas,20,Rush,165
MEOF,United States,Kansas,20,Russell,167
MEOF,United States,Kansas,20,Saline,169
MEOF,United States,Kansas,20,Scott,171
MEOF,United States,Kansas,20,Sedgwick,173
MEOF,United States,Kansas,20,Seward,175
MEOF,United States,Kansas,20,Shawnee,177
MEOF,United States,Kansas,20,Sheridan,179
MEOF,United States,Kansas,20,Sherman,181
MEOF,United States,Kansas,20,Smith,183
MEOF,United States,Kansas,20,Stafford,185
MEOF,United States,Kansas,20,Stanton,187
MEOF,United States,Kansas,20,Stevens,189
MEOF,United States,Kansas,20,Sumner,191
MEOF,United States,Kansas,20,Thomas,193
MEOF,United States,Kansas,20,Trego,195
MEOF,United States,Kansas,20,Wabaunsee,197
MEOF,United States,Kansas,20,Wallace,199
MEOF,United States,Kansas,20,Washington,201
MEOF,United States,Kansas,20,Wichita,203
MEOF,United States,Kansas,20,Wilson,205
MEOF,United States,Kansas,20,Woodson,207
MEOF,United States,Kansas,20,Wyandotte,209
MEOF,United States,Kentucky,21,,
MEOF,United States,Kentucky,21,Adair,1
MEOF,United States,Kentucky,21,Allen,3
MEOF,United States,Kentucky,21,Anderson,5
MEOF,United States,Kentucky,21,Barren,9
MEOF,United States,Kentucky,21,Bath,11
MEOF,United States,Kentucky,21,Bell,13
MEOF,United States,Kentucky,21,Bourbon,17
MEOF,United States,Kentucky,21,Bracken,23
MEOF,United States,Kentucky,21,Breathitt,25
MEOF,United States,Kentucky,21,Breckinridge,27
MEOF,United States,Kentucky,21,Bullitt,29
MEOF,United States,Kentucky,21,Butler,31
MEOF,United States,Kentucky,21,Caldwell,33
MEOF,United States,Kentucky,21,Calloway,35
MEOF,United States,Kentucky,21,Campbell,37
MEOF,United States,Kentucky,21,Carlisle,39
MEOF,United States,Kentucky,21,Casey,45
MEOF,United States,Kentucky,21,Christian,47
MEOF,United States,Kentucky,21,Clark,49
MEOF,United States,Kentucky,21,Clinton,53
MEOF,United States,Kentucky,21,Crittenden,55
MEOF,United States,Kentucky,21,Cumberland,57
MEOF,United States,Kentucky,21,Daviess,59
MEOF,United States,Kentucky,21,Edmonson,61
MEOF,United States,Kentucky,21,Elliott,63
MEOF,United States,Kentucky,21,Estill,65
MEOF,United States,Kentucky,21,Fayette,67
MEOF,United States,Kentucky,21,Fleming,69
MEOF,United States,Kentucky,21,Franklin,73
MEOF,United States,Kentucky,21,Fulton,75
MEOF,United States,Kentucky,21,Gallatin,77
MEOF,United States,Kentucky,21,Garrard,79
MEOF,United States,Kentucky,21,Graves,83
MEOF,United States,Kentucky,21,Grayson,85
MEOF,United States,Kentucky,21,Hardin,93
MEOF,United States,Kentucky,21,Harrison,97
MEOF,United States,Kentucky,21,Hart,99
MEOF,United States,Kentucky,21,Henry,103
MEOF,United States,Kentucky,21,Hickman,105
MEOF,United States,Kentucky,21,Hopkins,107
MEOF,United States,Kentucky,21,Jackson,109
MEOF,United States,Kentucky,21,Jefferson,111
MEOF,United States,Kentucky,21,Jessamine,113
MEOF,United States,Kentucky,21,Kenton,117
MEOF,United States,Kentucky,21,Laurel,125
MEOF,United States,Kentucky,21,Lawrence,127
MEOF,United States,Kentucky,21,Lee,129
MEOF,United States,Kentucky,21,Letcher,133
MEOF,United States,Kentucky,21,Lewis,135
MEOF,United States,Kentucky,21,Lincoln,137
MEOF,United States,Kentucky,21,Livingston,139
MEOF,United States,Kentucky,21,Logan,141
MEOF,United States,Kentucky,21,Madison,151
MEOF,United States,Kentucky,21,Mason,161
MEOF,United States,Kentucky,21,McCracken,145
MEOF,United States,Kentucky,21,McLean,149
MEOF,United States,Kentucky,21,Meade,163
MEOF,United States,Kentucky,21,Menifee,165
MEOF,United States,Kentucky,21,Mercer,167
MEOF,United States,Kentucky,21,Metcalfe,169
MEOF,United States,Kentucky,21,Montgomery,173
MEOF,United States,Kentucky,21,Morgan,175
MEOF,United States,Kentucky,21,Muhlenberg,177
MEOF,United States,Kentucky,21,Nelson,179
MEOF,United States,Kentucky,21,Ohio,183
MEOF,United States,Kentucky,21,Oldham,185
MEOF,United States,Kentucky,21,Owen,187
MEOF,United States,Kentucky,21,Pendleton,191
MEOF,United States,Kentucky,21,Powell,197
MEOF,United States,Kentucky,21,Rockcastle,203
MEOF,United States,Kentucky,21,Rowan,205
MEOF,United States,Kentucky,21,Russell,207
MEOF,United States,Kentucky,21,Shelby,211
MEOF,United States,Kentucky,21,Spencer,215
MEOF,United States,Kentucky,21,Todd,219
MEOF,United States,Kentucky,21,Trigg,221
MEOF,United States,Kentucky,21,Trimble,223
MEOF,United States,Kentucky,21,Union,225
MEOF,United States,Kentucky,21,Warren,227
MEOF,United States,Kentucky,21,Washington,229
MEOF,United States,Kentucky,21,Webster,233
MEOF,United States,Kentucky,21,Wolfe,237
MEOF,United States,Kentucky,21,Woodford,239
MEOF,United States,Louisiana,22,,
MEOF,United States,Louisiana,22,Acadia,1
MEOF,United States,Louisiana,22,Allen,3
MEOF,United States,Louisiana,22,Ascension,5
MEOF,United States,Louisiana,22,Avoyelles,9
MEOF,United States,Louisiana,22,Beauregard,11
MEOF,United States,Louisiana,22,Bienville,13
MEOF,United States,Louisiana,22,Bossier,15
MEOF,United States,Louisiana,22,Caddo,17
MEOF,United States,Louisiana,22,Calcasieu,19
MEOF,United States,Louisiana,22,Caldwell,21
MEOF,United States,Louisiana,22,Cameron,23
MEOF,United States,Louisiana,22,Catahoula,25
MEOF,United States,Louisiana,22,Claiborne,27
MEOF,United States,Louisiana,22,Concordia,29
MEOF,United States,Louisiana,22,East Baton Rouge,33
MEOF,United States,Louisiana,22,East Carroll,35
MEOF,United States,Louisiana,22,Franklin,41
MEOF,United States,Louisiana,22,Grant,43
MEOF,United States,Louisiana,22,Iberia,45
MEOF,United States,Louisiana,22,Jackson,49
MEOF,United States,Louisiana,22,Jefferson,51
MEOF,United States,Louisiana,22,Jefferson Davis,53
MEOF,United States,Louisiana,22,Lafayette,55
MEOF,United States,Louisiana,22,Lafourche,57
MEOF,United States,Louisiana,22,LaSalle,59
MEOF,United States,Louisiana,22,Lincoln,61
MEOF,United States,Louisiana,22,Madison,65
MEOF,United States,Louisiana,22,Morehouse,67
MEOF,United States,Louisiana,22,Natchitoches,69
MEOF,United States,Louisiana,22,Orleans,71
MEOF,United States,Louisiana,22,Ouachita,73
MEOF,United States,Louisiana,22,Pointe Coupee,77
MEOF,United States,Louisiana,22,Rapides,79
MEOF,United States,Louisiana,22,Red River,81
MEOF,United States,Louisiana,22,Richland,83
MEOF,United States,Louisiana,22,Sabine,85
MEOF,United States,Louisiana,22,St. Charles,89
MEOF,United States,Louisiana,22,St. James,93
MEOF,United States,Louisiana,22,St. John the Baptist,95
MEOF,United States,Louisiana,22,St. Landry,97
MEOF,United States,Louisiana,22,St. Mary,101
MEOF,United States,Louisiana,22,St. Tammany,103
MEOF,United States,Louisiana,22,Tangipahoa,105
MEOF,United States,Louisiana,22,Tensas,107
MEOF,United States,Louisiana,22,Terrebonne,109
MEOF,United States,Louisiana,22,Union,111
MEOF,United States,Louisiana,22,Vernon,115
MEOF,United States,Louisiana,22,Washington,117
MEOF,United States,Louisiana,22,Winn,127
MEOF,United States,Maine,23,,
MEOF,United States,Maine,23,Androscoggin,1
MEOF,United States,Maine,23,Aroostook,3
MEOF,United States,Maine,23,Cumberland,5
MEOF,United States,Maine,23,Hancock,9
MEOF,United States,Maine,23,Kennebec,11
MEOF,United States,Maine,23,Knox,13
MEOF,United States,Maine,23,Lincoln,15
MEOF,United States,Maine,23,Oxford,17
MEOF,United States,Maine,23,Penobscot,19
MEOF,United States,Maine,23,Somerset,25
MEOF,United States,Maine,23,Waldo,27
MEOF,United States,Maine,23,Washington,29
MEOF,United States,Maine,23,York,31
MEOF,United States,Maryland,24,,
MEOF,United States,Massachusetts,25,,
MEOF,United States,Massachusetts,25,Barnstable,1
MEOF,United States,Massachusetts,25,Berkshire,3
MEOF,United States,Massachusetts,25,Bristol,5
MEOF,United States,Massachusetts,25,Dukes,7
MEOF,United States,Massachusetts,25,Essex,9
MEOF,United States,Massachusetts,25,Franklin,11
MEOF,United States,Massachusetts,25,Hampden,13
MEOF,United States,Massachusetts,25,Hampshire,15
MEOF,United States,Massachusetts,25,Middlesex,17
MEOF,United States,Massachusetts,25,Nantucket,19
MEOF,United States,Massachusetts,25,Norfolk,21
MEOF,United States,Massachusetts,25,Plymouth,23
MEOF,United States,Massachusetts,25,Suffolk,25
MEOF,United States,Massachusetts,25,Worcester,27
MEOF,United States,Michigan,26,,
MEOF,United States,Michigan,26,Alcona,1
MEOF,United States,Michigan,26,Alger,3
MEOF,United States,Michigan,26,Allegan,5
MEOF,United States,Michigan,26,Alpena,7
MEOF,United States,Michigan,26,Antrim,9
MEOF,United States,Michigan,26,Arenac,11
MEOF,United States,Michigan,26,Baraga,13
MEOF,United States,Michigan,26,Barry,15
MEOF,United States,Michigan,26,Bay,17
MEOF,United States,Michigan,26,Benzie,19
MEOF,United States,Michigan,26,Berrien,21
MEOF,United States,Michigan,26,Calhoun,25
MEOF,United States,Michigan,26,Charlevoix,29
MEOF,United States,Michigan,26,Cheboygan,31
MEOF,United States,Michigan,26,Chippewa,33
MEOF,United States,Michigan,26,Clare,35
MEOF,United States,Michigan,26,Clinton,37
MEOF,United States,Michigan,26,Crawford,39
MEOF,United States,Michigan,26,Delta,41
MEOF,United States,Michigan,26,Dickinson,43
MEOF,United States,Michigan,26,Eaton,45
MEOF,United States,Michigan,26,Emmet,47
MEOF,United States,Michigan,26,Genesee,49
MEOF,United States,Michigan,26,Gladwin,51
MEOF,United States,Michigan,26,Gogebic,53
MEOF,United States,Michigan,26,Grand Traverse,55
MEOF,United States,Michigan,26,Gratiot,57
MEOF,United States,Michigan,26,Hillsdale,59
MEOF,United States,Michigan,26,Houghton,61
MEOF,United States,Michigan,26,Ingham,65
MEOF,United States,Michigan,26,Ionia,67
MEOF,United States,Michigan,26,Isabella,73
MEOF,United States,Michigan,26,Jackson,75
MEOF,United States,Michigan,26,Kalamazoo,77
MEOF,United States,Michigan,26,Kalkaska,79
MEOF,United States,Michigan,26,Kent,81
MEOF,United States,Michigan,26,Keweenaw,83
MEOF,United States,Michigan,26,Lapeer,87
MEOF,United States,Michigan,26,Leelanau,89
MEOF,United States,Michigan,26,Lenawee,91
MEOF,United States,Michigan,26,Livingston,93
MEOF,United States,Michigan,26,Luce,95
MEOF,United States,Michigan,26,Mackinac,97
MEOF,United States,Michigan,26,Macomb,99
MEOF,United States,Michigan,26,Marquette,103
MEOF,United States,Michigan,26,Mason,105
MEOF,United States,Michigan,26,Mecosta,107
MEOF,United States,Michigan,26,Midland,111
MEOF,United States,Michigan,26,Monroe,115
MEOF,United States,Michigan,26,Montcalm,117
MEOF,United States,Michigan,26,Montmorency,119
MEOF,United States,Michigan,26,Muskegon,121
MEOF,United States,Michigan,26,Oakland,125
MEOF,United States,Michigan,26,Oceana,127
MEOF,United States,Michigan,26,Ogemaw,129
MEOF,United States,Michigan,26,Ontonagon,131
MEOF,United States,Michigan,26,Oscoda,135
MEOF,United States,Michigan,26,Otsego,137
MEOF,United States,Michigan,26,Ottawa,139
MEOF,United States,Michigan,26,Presque Isle,141
MEOF,United States,Michigan,26,Roscommon,143
MEOF,United States,Michigan,26,Saginaw,145
MEOF,United States,Michigan,26,Sanilac,151
MEOF,United States,Michigan,26,Schoolcraft,153
MEOF,United States,Michigan,26,Shiawassee,155
MEOF,United States,Michigan,26,St. Clair,147
MEOF,United States,Michigan,26,Tuscola,157
MEOF,United States,Michigan,26,Van Buren,159
MEOF,United States,Michigan,26,Washtenaw,161
MEOF,United States,Michigan,26,Wayne,163
MEOF,United States,Minnesota,27,,
MEOF,United States,Minnesota,27,Aitkin,1
MEOF,United States,Minnesota,27,Anoka,3
MEOF,United States,Minnesota,27,Becker,5
MEOF,United States,Minnesota,27,Beltrami,7
MEOF,United States,Minnesota,27,Benton,9
MEOF,United States,Minnesota,27,Big Stone,11
MEOF,United States,Minnesota,27,Blue Earth,13
MEOF,United States,Minnesota,27,Brown,15
MEOF,United States,Minnesota,27,Carlton,17
MEOF,United States,Minnesota,27,Carver,19
MEOF,United States,Minnesota,27,Cass,21
MEOF,United States,Minnesota,27,Chippewa,23
MEOF,United States,Minnesota,27,Chisago,25
MEOF,United States,Minnesota,27,Clay,27
MEOF,United States,Minnesota,27,Clearwater,29
MEOF,United States,Minnesota,27,Cook,31
MEOF,United States,Minnesota,27,Cottonwood,33
MEOF,United States,Minnesota,27,Crow Wing,35
MEOF,United States,Minnesota,27,Dakota,37
MEOF,United States,Minnesota,27,Dodge,39
MEOF,United States,Minnesota,27,Douglas,41
MEOF,United States,Minnesota,27,Faribault,43
MEOF,United States,Minnesota,27,Fillmore,45
MEOF,United States,Minnesota,27,Freeborn,47
MEOF,United States,Minnesota,27,Goodhue,49
MEOF,United States,Minnesota,27,Hennepin,53
MEOF,United States,Minnesota,27,Houston,55
MEOF,United States,Minnesota,27,Hubbard,57
MEOF,United States,Minnesota,27,Isanti,59
MEOF,United States,Minnesota,27,Itasca,61
MEOF,United States,Minnesota,27,Jackson,63
MEOF,United States,Minnesota,27,Kanabec,65
MEOF,United States,Minnesota,27,Kittson,69
MEOF,United States,Minnesota,27,Koochiching,71
MEOF,United States,Minnesota,27,Lac qui Parle,73
MEOF,United States,Minnesota,27,Lake,75
MEOF,United States,Minnesota,27,Lake of the Woods,77
MEOF,United States,Minnesota,27,Le Sueur,79
MEOF,United States,Minnesota,27,Lincoln,81
MEOF,United States,Minnesota,27,Lyon,83
MEOF,United States,Minnesota,27,Mahnomen,87
MEOF,United States,Minnesota,27,Marshall,89
MEOF,United States,Minnesota,27,Martin,91
MEOF,United States,Minnesota,27,McLeod,85
MEOF,United States,Minnesota,27,Morrison,97
MEOF,United States,Minnesota,27,Mower,99
MEOF,United States,Minnesota,27,Murray,101
MEOF,United States,Minnesota,27,Nicollet,103
MEOF,United States,Minnesota,27,Nobles,105
MEOF,United States,Minnesota,27,Norman,107
MEOF,United States,Minnesota,27,Olmsted,109
MEOF,United States,Minnesota,27,Otter Tail,111
MEOF,United States,Minnesota,27,Pennington,113
MEOF,United States,Minnesota,27,Pine,115
MEOF,United States,Minnesota,27,Pipestone,117
MEOF,United States,Minnesota,27,Polk,119
MEOF,United States,Minnesota,27,Pope,121
MEOF,United States,Minnesota,27,Ramsey,123
MEOF,United States,Minnesota,27,Red Lake,125
MEOF,United States,Minnesota,27,Redwood,127
MEOF,United States,Minnesota,27,Renville,129
MEOF,United States,Minnesota,27,Rice,131
MEOF,United States,Minnesota,27,Roseau,135
MEOF,United States,Minnesota,27,Scott,139
MEOF,United States,Minnesota,27,Sherburne,141
MEOF,United States,Minnesota,27,St. Louis,137
MEOF,United States,Minnesota,27,Stearns,145
MEOF,United States,Minnesota,27,Steele,147
MEOF,United States,Minnesota,27,Swift,151
MEOF,United States,Minnesota,27,Todd,153
MEOF,United States,Minnesota,27,Traverse,155
MEOF,United States,Minnesota,27,Wabasha,157
MEOF,United States,Minnesota,27,Wadena,159
MEOF,United States,Minnesota,27,Waseca,161
MEOF,United States,Minnesota,27,Washington,163
MEOF,United States,Minnesota,27,Wilkin,167
MEOF,United States,Minnesota,27,Winona,169
MEOF,United States,Minnesota,27,Wright,171
MEOF,United States,Minnesota,27,Yellow Medicine,173
MEOF,United States,Mississippi,28,,
MEOF,United States,Mississippi,28,Alcorn,3
MEOF,United States,Mississippi,28,Chickasaw,17
MEOF,United States,Mississippi,28,Clarke,23
MEOF,United States,Mississippi,28,Clay,25
MEOF,United States,Mississippi,28,Coahoma,27
MEOF,United States,Mississippi,28,DeSoto,33
MEOF,United States,Mississippi,28,Forrest,35
MEOF,United States,Mississippi,28,Harrison,47
MEOF,United States,Mississippi,28,Itawamba,57
MEOF,United States,Mississippi,28,Jackson,59
MEOF,United States,Mississippi,28,Jasper,61
MEOF,United States,Mississippi,28,Kemper,69
MEOF,United States,Mississippi,28,Lafayette,71
MEOF,United States,Mississippi,28,Lauderdale,75
MEOF,United States,Mississippi,28,Lee,81
MEOF,United States,Mississippi,28,Leflore,83
MEOF,United States,Mississippi,28,Marshall,93
MEOF,United States,Mississippi,28,Noxubee,103
MEOF,United States,Mississippi,28,Pontotoc,115
MEOF,United States,Mississippi,28,Prentiss,117
MEOF,United States,Mississippi,28,Rankin,121
MEOF,United States,Mississippi,28,Scott,123
MEOF,United States,Mississippi,28,Smith,129
MEOF,United States,Mississippi,28,Tate,137
MEOF,United States,Mississippi,28,Tippah,139
MEOF,United States,Mississippi,28,Tishomingo,141
MEOF,United States,Mississippi,28,Tunica,143
MEOF,United States,Mississippi,28,Union,145
MEOF,United States,Mississippi,28,Washington,151
MEOF,United States,Missouri,29,,
MEOF,United States,Missouri,29,Adair,1
MEOF,United States,Missouri,29,Andrew,3
MEOF,United States,Missouri,29,Atchison,5
MEOF,United States,Missouri,29,Audrain,7
MEOF,United States,Missouri,29,Barry,9
MEOF,United States,Missouri,29,Barton,11
MEOF,United States,Missouri,29,Bates,13
MEOF,United States,Missouri,29,Benton,15
MEOF,United States,Missouri,29,Bollinger,17
MEOF,United States,Missouri,29,Boone,19
MEOF,United States,Missouri,29,Buchanan,21
MEOF,United States,Missouri,29,Butler,23
MEOF,United States,Missouri,29,Caldwell,25
MEOF,United States,Missouri,29,Camden,29
MEOF,United States,Missouri,29,Cape Girardeau,31
MEOF,United States,Missouri,29,Carroll,33
MEOF,United States,Missouri,29,Carter,35
MEOF,United States,Missouri,29,Cass,37
MEOF,United States,Missouri,29,Cedar,39
MEOF,United States,Missouri,29,Chariton,41
MEOF,United States,Missouri,29,Christian,43
MEOF,United States,Missouri,29,Clark,45
MEOF,United States,Missouri,29,Clay,47
MEOF,United States,Missouri,29,Clinton,49
MEOF,United States,Missouri,29,Cole,51
MEOF,United States,Missouri,29,Cooper,53
MEOF,United States,Missouri,29,Crawford,55
MEOF,United States,Missouri,29,Dade,57
MEOF,United States,Missouri,29,Daviess,61
MEOF,United States,Missouri,29,DeKalb,63
MEOF,United States,Missouri,29,Douglas,67
MEOF,United States,Missouri,29,Dunklin,69
MEOF,United States,Missouri,29,Franklin,71
MEOF,United States,Missouri,29,Gasconade,73
MEOF,United States,Missouri,29,Gentry,75
MEOF,United States,Missouri,29,Greene,77
MEOF,United States,Missouri,29,Grundy,79
MEOF,United States,Missouri,29,Harrison,81
MEOF,United States,Missouri,29,Henry,83
MEOF,United States,Missouri,29,Hickory,85
MEOF,United States,Missouri,29,Holt,87
MEOF,United States,Missouri,29,Howard,89
MEOF,United States,Missouri,29,Howell,91
MEOF,United States,Missouri,29,Iron,93
MEOF,United States,Missouri,29,Jackson,95
MEOF,United States,Missouri,29,Jasper,97
MEOF,United States,Missouri,29,Jefferson,99
MEOF,United States,Missouri,29,Johnson,101
MEOF,United States,Missouri,29,Knox,103
MEOF,United States,Missouri,29,Laclede,105
MEOF,United States,Missouri,29,Lafayette,107
MEOF,United States,Missouri,29,Lawrence,109
MEOF,United States,Missouri,29,Lewis,111
MEOF,United States,Missouri,29,Lincoln,113
MEOF,United States,Missouri,29,Linn,115
MEOF,United States,Missouri,29,Livingston,117
MEOF,United States,Missouri,29,Macon,121
MEOF,United States,Missouri,29,Madison,123
MEOF,United States,Missouri,29,Maries,125
MEOF,United States,Missouri,29,Marion,127
MEOF,United States,Missouri,29,McDonald,119
MEOF,United States,Missouri,29,Mercer,129
MEOF,United States,Missouri,29,Miller,131
MEOF,United States,Missouri,29,Mississippi,133
MEOF,United States,Missouri,29,Moniteau,135
MEOF,United States,Missouri,29,Monroe,137
MEOF,United States,Missouri,29,Montgomery,139
MEOF,United States,Missouri,29,Morgan,141
MEOF,United States,Missouri,29,New Madrid,143
MEOF,United States,Missouri,29,Newton,145
MEOF,United States,Missouri,29,Nodaway,147
MEOF,United States,Missouri,29,Oregon,149
MEOF,United States,Missouri,29,Osage,151
MEOF,United States,Missouri,29,Ozark,153
MEOF,United States,Missouri,29,Perry,157
MEOF,United States,Missouri,29,Pettis,159
MEOF,United States,Missouri,29,Phelps,161
MEOF,United States,Missouri,29,Pike,163
MEOF,United States,Missouri,29,Platte,165
MEOF,United States,Missouri,29,Polk,167
MEOF,United States,Missouri,29,Pulaski,169
MEOF,United States,Missouri,29,Putnam,171
MEOF,United States,Missouri,29,Ralls,173
MEOF,United States,Missouri,29,Randolph,175
MEOF,United States,Missouri,29,Ray,177
MEOF,United States,Missouri,29,Reynolds,179
MEOF,United States,Missouri,29,Saline,195
MEOF,United States,Missouri,29,Schuyler,197
MEOF,United States,Missouri,29,Scotland,199
MEOF,United States,Missouri,29,Scott,201
MEOF,United States,Missouri,29,Shelby,205
MEOF,United States,Missouri,29,St. Charles,183
MEOF,United States,Missouri,29,St. Clair,185
MEOF,United States,Missouri,29,St. Francois,187
MEOF,United States,Missouri,29,St. Louis,189
MEOF,United States,Missouri,29,Ste. Genevieve,186
MEOF,United States,Missouri,29,Stoddard,207
MEOF,United States,Missouri,29,Stone,209
MEOF,United States,Missouri,29,Sullivan,211
MEOF,United States,Missouri,29,Taney,213
MEOF,United States,Missouri,29,Texas,215
MEOF,United States,Missouri,29,Vernon,217
MEOF,United States,Missouri,29,Warren,219
MEOF,United States,Missouri,29,Washington,221
MEOF,United States,Missouri,29,Wayne,223
MEOF,United States,Missouri,29,Webster,225
MEOF,United States,Missouri,29,Worth,227
MEOF,United States,Missouri,29,Wright,229
MEOF,United States,Montana,30,,
MEOF,United States,Montana,30,Beaverhead,1
MEOF,United States,Montana,30,Big Horn,3
MEOF,United States,Montana,30,Blaine,5
MEOF,United States,Montana,30,Broadwater,7
MEOF,United States,Montana,30,Carter,11
MEOF,United States,Montana,30,Cascade,13
MEOF,United States,Montana,30,Chouteau,15
MEOF,United States,Montana,30,Custer,17
MEOF,United States,Montana,30,Daniels,19
MEOF,United States,Montana,30,Dawson,21
MEOF,United States,Montana,30,Deer Lodge,23
MEOF,United States,Montana,30,Fergus,27
MEOF,United States,Montana,30,Flathead,29
MEOF,United States,Montana,30,Gallatin,31
MEOF,United States,Montana,30,Glacier,35
MEOF,United States,Montana,30,Golden Valley,37
MEOF,United States,Montana,30,Hill,41
MEOF,United States,Montana,30,Jefferson,43
MEOF,United States,Montana,30,Judith Basin,45
MEOF,United States,Montana,30,Lake,47
MEOF,United States,Montana,30,Lewis and Clark,49
MEOF,United States,Montana,30,Liberty,51
MEOF,United States,Montana,30,Lincoln,53
MEOF,United States,Montana,30,Madison,57
MEOF,United States,Montana,30,McCone,55
MEOF,United States,Montana,30,Meagher,59
MEOF,United States,Montana,30,Mineral,61
MEOF,United States,Montana,30,Missoula,63
MEOF,United States,Montana,30,Musselshell,65
MEOF,United States,Montana,30,Park,67
MEOF,United States,Montana,30,Petroleum,69
MEOF,United States,Montana,30,Phillips,71
MEOF,United States,Montana,30,Pondera,73
MEOF,United States,Montana,30,Powder River,75
MEOF,United States,Montana,30,Powell,77
MEOF,United States,Montana,30,Prairie,79
MEOF,United States,Montana,30,Ravalli,81
MEOF,United States,Montana,30,Richland,83
MEOF,United States,Montana,30,Sanders,89
MEOF,United States,Montana,30,Sheridan,91
MEOF,United States,Montana,30,Silver Bow,93
MEOF,United States,Montana,30,Stillwater,95
MEOF,United States,Montana,30,Sweet Grass,97
MEOF,United States,Montana,30,Teton,99
MEOF,United States,Montana,30,Toole,101
MEOF,United States,Montana,30,Valley,105
MEOF,United States,Montana,30,Wibaux,109
MEOF,United States,Montana,30,Yellowstone,111
MEOF,United States,Nebraska,31,,
MEOF,United States,Nebraska,31,Adams,1
MEOF,United States,Nebraska,31,Boone,11
MEOF,United States,Nebraska,31,Box Butte,13
MEOF,United States,Nebraska,31,Boyd,15
MEOF,United States,Nebraska,31,Brown,17
MEOF,United States,Nebraska,31,Buffalo,19
MEOF,United States,Nebraska,31,Burt,21
MEOF,United States,Nebraska,31,Cedar,27
MEOF,United States,Nebraska,31,Cherry,31
MEOF,United States,Nebraska,31,Cheyenne,33
MEOF,United States,Nebraska,31,Cuming,39
MEOF,United States,Nebraska,31,Custer,41
MEOF,United States,Nebraska,31,Dakota,43
MEOF,United States,Nebraska,31,Dawes,45
MEOF,United States,Nebraska,31,Dawson,47
MEOF,United States,Nebraska,31,Deuel,49
MEOF,United States,Nebraska,31,Dixon,51
MEOF,United States,Nebraska,31,Dodge,53
MEOF,United States,Nebraska,31,Douglas,55
MEOF,United States,Nebraska,31,Franklin,61
MEOF,United States,Nebraska,31,Furnas,65
MEOF,United States,Nebraska,31,Gage,67
MEOF,United States,Nebraska,31,Garden,69
MEOF,United States,Nebraska,31,Hall,79
MEOF,United States,Nebraska,31,Hooker,91
MEOF,United States,Nebraska,31,Howard,93
MEOF,United States,Nebraska,31,Jefferson,95
MEOF,United States,Nebraska,31,Kearney,99
MEOF,United States,Nebraska,31,Keith,101
MEOF,United States,Nebraska,31,Kimball,105
MEOF,United States,Nebraska,31,Lancaster,109
MEOF,United States,Nebraska,31,Lincoln,111
MEOF,United States,Nebraska,31,Logan,113
MEOF,United States,Nebraska,31,McPherson,117
MEOF,United States,Nebraska,31,Morrill,123
MEOF,United States,Nebraska,31,Nemaha,127
MEOF,United States,Nebraska,31,Otoe,131
MEOF,United States,Nebraska,31,Pawnee,133
MEOF,United States,Nebraska,31,Phelps,137
MEOF,United States,Nebraska,31,Platte,141
MEOF,United States,Nebraska,31,Richardson,147
MEOF,United States,Nebraska,31,Sarpy,153
MEOF,United States,Nebraska,31,Saunders,155
MEOF,United States,Nebraska,31,Scotts Bluff,157
MEOF,United States,Nebraska,31,Sheridan,161
MEOF,United States,Nebraska,31,Sherman,163
MEOF,United States,Nebraska,31,Sioux,165
MEOF,United States,Nebraska,31,Thayer,169
MEOF,United States,Nebraska,31,Thomas,171
MEOF,United States,Nebraska,31,Washington,177
MEOF,United States,Nebraska,31,Webster,181
MEOF,United States,Nebraska,31,York,185
MEOF,United States,Nevada,32,,
MEOF,United States,Nevada,32,Carson City,510
MEOF,United States,Nevada,32,Churchill,1
MEOF,United States,Nevada,32,Clark,3
MEOF,United States,Nevada,32,Douglas,5
MEOF,United States,Nevada,32,Elko,7
MEOF,United States,Nevada,32,Esmeralda,9
MEOF,United States,Nevada,32,Eureka,11
MEOF,United States,Nevada,32,Humboldt,13
MEOF,United States,Nevada,32,Lander,15
MEOF,United States,Nevada,32,Lincoln,17
MEOF,United States,Nevada,32,Lyon,19
MEOF,United States,Nevada,32,Mineral,21
MEOF,United States,Nevada,32,Nye,23
MEOF,United States,Nevada,32,Pershing,27
MEOF,United States,Nevada,32,Storey,29
MEOF,United States,Nevada,32,Washoe,31
MEOF,United States,Nevada,32,White Pine,33
MEOF,United States,New Hampshire,33,,
MEOF,United States,New Hampshire,33,Belknap,1
MEOF,United States,New Hampshire,33,Carroll,3
MEOF,United States,New Hampshire,33,Coos,7
MEOF,United States,New Hampshire,33,Grafton,9
MEOF,United States,New Hampshire,33,Hillsborough,11
MEOF,United States,New Hampshire,33,Merrimack,13
MEOF,United States,New Hampshire,33,Rockingham,15
MEOF,United States,New Hampshire,33,Strafford,17
MEOF,United States,New Hampshire,33,Sullivan,19
MEOF,United States,New Jersey,34,,
MEOF,United States,New Jersey,34,Atlantic,1
MEOF,United States,New Jersey,34,Bergen,3
MEOF,United States,New Jersey,34,Camden,7
MEOF,United States,New Jersey,34,Cape May,9
MEOF,United States,New Jersey,34,Essex,13
MEOF,United States,New Jersey,34,Hudson,17
MEOF,United States,New Jersey,34,Hunterdon,19
MEOF,United States,New Jersey,34,Mercer,21
MEOF,United States,New Jersey,34,Middlesex,23
MEOF,United States,New Jersey,34,Monmouth,25
MEOF,United States,New Jersey,34,Morris,27
MEOF,United States,New Jersey,34,Ocean,29
MEOF,United States,New Jersey,34,Passaic,31
MEOF,United States,New Jersey,34,Somerset,35
MEOF,United States,New Jersey,34,Sussex,37
MEOF,United States,New Jersey,34,Union,39
MEOF,United States,New Jersey,34,Warren,41
MEOF,United States,New Mexico,35,,
MEOF,United States,New Mexico,35,Bernalillo,1
MEOF,United States,New Mexico,35,Catron,3
MEOF,United States,New Mexico,35,Chaves,5
MEOF,United States,New Mexico,35,Colfax,7
MEOF,United States,New Mexico,35,Curry,9
MEOF,United States,New Mexico,35,De Baca,11
MEOF,United States,New Mexico,35,Dona Ana,13
MEOF,United States,New Mexico,35,Eddy,15
MEOF,United States,New Mexico,35,Guadalupe,19
MEOF,United States,New Mexico,35,Harding,21
MEOF,United States,New Mexico,35,Lincoln,27
MEOF,United States,New Mexico,35,Los Alamos,28
MEOF,United States,New Mexico,35,McKinley,31
MEOF,United States,New Mexico,35,Mora,33
MEOF,United States,New Mexico,35,Quay,37
MEOF,United States,New Mexico,35,Rio Arriba,39
MEOF,United States,New Mexico,35,Roosevelt,41
MEOF,United States,New Mexico,35,San Juan,45
MEOF,United States,New Mexico,35,San Miguel,47
MEOF,United States,New Mexico,35,Sandoval,43
MEOF,United States,New Mexico,35,Santa Fe,49
MEOF,United States,New Mexico,35,Socorro,53
MEOF,United States,New Mexico,35,Taos,55
MEOF,United States,New Mexico,35,Torrance,57
MEOF,United States,New Mexico,35,Union,59
MEOF,United States,New Mexico,35,Valencia,61
MEOF,United States,New York,36,,
MEOF,United States,New York,36,Albany,1
MEOF,United States,New York,36,Allegany,3
MEOF,United States,New York,36,Bronx,5
MEOF,United States,New York,36,Broome,7
MEOF,United States,New York,36,Cattaraugus,9
MEOF,United States,New York,36,Cayuga,11
MEOF,United States,New York,36,Chautauqua,13
MEOF,United States,New York,36,Chemung,15
MEOF,United States,New York,36,Chenango,17
MEOF,United States,New York,36,Clinton,19
MEOF,United States,New York,36,Columbia,21
MEOF,United States,New York,36,Delaware,25
MEOF,United States,New York,36,Dutchess,27
MEOF,United States,New York,36,Erie,29
MEOF,United States,New York,36,Essex,31
MEOF,United States,New York,36,Jefferson,45
MEOF,United States,New York,36,Kings,47
MEOF,United States,New York,36,Lewis,49
MEOF,United States,New York,36,Livingston,51
MEOF,United States,New York,36,Madison,53
MEOF,United States,New York,36,Monroe,55
MEOF,United States,New York,36,Nassau,59
MEOF,United States,New York,36,New York,61
MEOF,United States,New York,36,Oneida,65
MEOF,United States,New York,36,Onondaga,67
MEOF,United States,New York,36,Orange,71
MEOF,United States,New York,36,Oswego,75
MEOF,United States,New York,36,Otsego,77
MEOF,United States,New York,36,Putnam,79
MEOF,United States,New York,36,Queens,81
MEOF,United States,New York,36,Rensselaer,83
MEOF,United States,New York,36,Richmond,85
MEOF,United States,New York,36,Rockland,87
MEOF,United States,New York,36,Schenectady,93
MEOF,United States,New York,36,Suffolk,103
MEOF,United States,New York,36,Sullivan,105
MEOF,United States,New York,36,Tompkins,109
MEOF,United States,New York,36,Ulster,111
MEOF,United States,New York,36,Washington,115
MEOF,United States,New York,36,Westchester,119
MEOF,United States,North Carolina,37,,
MEOF,United States,North Carolina,37,Alexander,3
MEOF,United States,North Carolina,37,Ashe,9
MEOF,United States,North Carolina,37,Avery,11
MEOF,United States,North Carolina,37,Beaufort,13
MEOF,United States,North Carolina,37,Bertie,15
MEOF,United States,North Carolina,37,Brunswick,19
MEOF,United States,North Carolina,37,Buncombe,21
MEOF,United States,North Carolina,37,Burke,23
MEOF,United States,North Carolina,37,Cabarrus,25
MEOF,United States,North Carolina,37,Caldwell,27
MEOF,United States,North Carolina,37,Carteret,31
MEOF,United States,North Carolina,37,Caswell,33
MEOF,United States,North Carolina,37,Catawba,35
MEOF,United States,North Carolina,37,Cherokee,39
MEOF,United States,North Carolina,37,Chowan,41
MEOF,United States,North Carolina,37,Clay,43
MEOF,United States,North Carolina,37,Cleveland,45
MEOF,United States,North Carolina,37,Craven,49
MEOF,United States,North Carolina,37,Currituck,53
MEOF,United States,North Carolina,37,Dare,55
MEOF,United States,North Carolina,37,Davidson,57
MEOF,United States,North Carolina,37,Durham,63
MEOF,United States,North Carolina,37,Edgecombe,65
MEOF,United States,North Carolina,37,Forsyth,67
MEOF,United States,North Carolina,37,Franklin,69
MEOF,United States,North Carolina,37,Gaston,71
MEOF,United States,North Carolina,37,Graham,75
MEOF,United States,North Carolina,37,Granville,77
MEOF,United States,North Carolina,37,Greene,79
MEOF,United States,North Carolina,37,Guilford,81
MEOF,United States,North Carolina,37,Halifax,83
MEOF,United States,North Carolina,37,Harnett,85
MEOF,United States,North Carolina,37,Haywood,87
MEOF,United States,North Carolina,37,Henderson,89
MEOF,United States,North Carolina,37,Hyde,95
MEOF,United States,North Carolina,37,Iredell,97
MEOF,United States,North Carolina,37,Jackson,99
MEOF,United States,North Carolina,37,Lee,105
MEOF,United States,North Carolina,37,Lenoir,107
MEOF,United States,North Carolina,37,Lincoln,109
MEOF,United States,North Carolina,37,Madison,115
MEOF,United States,North Carolina,37,Martin,117
MEOF,United States,North Carolina,37,McDowell,111
MEOF,United States,North Carolina,37,Mecklenburg,119
MEOF,United States,North Carolina,37,Mitchell,121
MEOF,United States,North Carolina,37,Nash,127
MEOF,United States,North Carolina,37,New Hanover,129
MEOF,United States,North Carolina,37,Northampton,131
MEOF,United States,North Carolina,37,Orange,135
MEOF,United States,North Carolina,37,Pender,141
MEOF,United States,North Carolina,37,Person,145
MEOF,United States,North Carolina,37,Pitt,147
MEOF,United States,North Carolina,37,Polk,149
MEOF,United States,North Carolina,37,Robeson,155
MEOF,United States,North Carolina,37,Rockingham,157
MEOF,United States,North Carolina,37,Rowan,159
MEOF,United States,North Carolina,37,Stanly,167
MEOF,United States,North Carolina,37,Stokes,169
MEOF,United States,North Carolina,37,Surry,171
MEOF,United States,North Carolina,37,Swain,173
MEOF,United States,North Carolina,37,Union,179
MEOF,United States,North Carolina,37,Vance,181
MEOF,United States,North Carolina,37,Wake,183
MEOF,United States,North Carolina,37,Washington,187
MEOF,United States,North Carolina,37,Watauga,189
MEOF,United States,North Carolina,37,Wayne,191
MEOF,United States,North Carolina,37,Wilkes,193
MEOF,United States,North Carolina,37,Wilson,195
MEOF,United States,North Carolina,37,Yancey,199
MEOF,United States,North Dakota,38,,
MEOF,United States,North Dakota,38,Barnes,3
MEOF,United States,North Dakota,38,Benson,5
MEOF,United States,North Dakota,38,Billings,7
MEOF,United States,North Dakota,38,Bottineau,9
MEOF,United States,North Dakota,38,Bowman,11
MEOF,United States,North Dakota,38,Burke,13
MEOF,United States,North Dakota,38,Burleigh,15
MEOF,United States,North Dakota,38,Cass,17
MEOF,United States,North Dakota,38,Cavalier,19
MEOF,United States,North Dakota,38,Dickey,21
MEOF,United States,North Dakota,38,Divide,23
MEOF,United States,North Dakota,38,Dunn,25
MEOF,United States,North Dakota,38,Eddy,27
MEOF,United States,North Dakota,38,Emmons,29
MEOF,United States,North Dakota,38,Foster,31
MEOF,United States,North Dakota,38,Golden Valley,33
MEOF,United States,North Dakota,38,Grand Forks,35
MEOF,United States,North Dakota,38,Grant,37
MEOF,United States,North Dakota,38,Griggs,39
MEOF,United States,North Dakota,38,Kidder,43
MEOF,United States,North Dakota,38,LaMoure,45
MEOF,United States,North Dakota,38,Logan,47
MEOF,United States,North Dakota,38,McHenry,49
MEOF,United States,North Dakota,38,McIntosh,51
MEOF,United States,North Dakota,38,McKenzie,53
MEOF,United States,North Dakota,38,McLean,55
MEOF,United States,North Dakota,38,Mercer,57
MEOF,United States,North Dakota,38,Morton,59
MEOF,United States,North Dakota,38,Mountrail,61
MEOF,United States,North Dakota,38,Nelson,63
MEOF,United States,North Dakota,38,Oliver,65
MEOF,United States,North Dakota,38,Pembina,67
MEOF,United States,North Dakota,38,Pierce,69
MEOF,United States,North Dakota,38,Ramsey,71
MEOF,United States,North Dakota,38,Ransom,73
MEOF,United States,North Dakota,38,Richland,77
MEOF,United States,North Dakota,38,Sargent,81
MEOF,United States,North Dakota,38,Sheridan,83
MEOF,United States,North Dakota,38,Sioux,85
MEOF,United States,North Dakota,38,Slope,87
MEOF,United States,North Dakota,38,Stark,89
MEOF,United States,North Dakota,38,Steele,91
MEOF,United States,North Dakota,38,Stutsman,93
MEOF,United States,North Dakota,38,Walsh,99
MEOF,United States,North Dakota,38,Ward,101
MEOF,United States,North Dakota,38,Williams,105
MEOF,United States,Ohio,39,,
MEOF,United States,Ohio,39,Adams,1
MEOF,United States,Ohio,39,Allen,3
MEOF,United States,Ohio,39,Ashland,5
MEOF,United States,Ohio,39,Ashtabula,7
MEOF,United States,Ohio,39,Athens,9
MEOF,United States,Ohio,39,Auglaize,11
MEOF,United States,Ohio,39,Belmont,13
MEOF,United States,Ohio,39,Brown,15
MEOF,United States,Ohio,39,Butler,17
MEOF,United States,Ohio,39,Carroll,19
MEOF,United States,Ohio,39,Champaign,21
MEOF,United States,Ohio,39,Clark,23
MEOF,United States,Ohio,39,Clinton,27
MEOF,United States,Ohio,39,Columbiana,29
MEOF,United States,Ohio,39,Coshocton,31
MEOF,United States,Ohio,39,Crawford,33
MEOF,United States,Ohio,39,Cuyahoga,35
MEOF,United States,Ohio,39,Darke,37
MEOF,United States,Ohio,39,Defiance,39
MEOF,United States,Ohio,39,Delaware,41
MEOF,United States,Ohio,39,Erie,43
MEOF,United States,Ohio,39,Fairfield,45
MEOF,United States,Ohio,39,Fayette,47
MEOF,United States,Ohio,39,Franklin,49
MEOF,United States,Ohio,39,Fulton,51
MEOF,United States,Ohio,39,Gallia,53
MEOF,United States,Ohio,39,Geauga,55
MEOF,United States,Ohio,39,Greene,57
MEOF,United States,Ohio,39,Guernsey,59
MEOF,United States,Ohio,39,Hamilton,61
MEOF,United States,Ohio,39,Hancock,63
MEOF,United States,Ohio,39,Harrison,67
MEOF,United States,Ohio,39,Henry,69
MEOF,United States,Ohio,39,Highland,71
MEOF,United States,Ohio,39,Hocking,73
MEOF,United States,Ohio,39,Holmes,75
MEOF,United States,Ohio,39,Huron,77
MEOF,United States,Ohio,39,Jackson,79
MEOF,United States,Ohio,39,Jefferson,81
MEOF,United States,Ohio,39,Knox,83
MEOF,United States,Ohio,39,Lake,85
MEOF,United States,Ohio,39,Lawrence,87
MEOF,United States,Ohio,39,Licking,89
MEOF,United States,Ohio,39,Logan,91
MEOF,United States,Ohio,39,Lorain,93
MEOF,United States,Ohio,39,Lucas,95
MEOF,United States,Ohio,39,Madison,97
MEOF,United States,Ohio,39,Mahoning,99
MEOF,United States,Ohio,39,Marion,101
MEOF,United States,Ohio,39,Medina,103
MEOF,United States,Ohio,39,Meigs,105
MEOF,United States,Ohio,39,Mercer,107
MEOF,United States,Ohio,39,Miami,109
MEOF,United States,Ohio,39,Monroe,111
MEOF,United States,Ohio,39,Montgomery,113
MEOF,United States,Ohio,39,Morgan,115
MEOF,United States,Ohio,39,Morrow,117
MEOF,United States,Ohio,39,Muskingum,119
MEOF,United States,Ohio,39,Noble,121
MEOF,United States,Ohio,39,Ottawa,123
MEOF,United States,Ohio,39,Paulding,125
MEOF,United States,Ohio,39,Perry,127
MEOF,United States,Ohio,39,Pickaway,129
MEOF,United States,Ohio,39,Pike,131
MEOF,United States,Ohio,39,Portage,133
MEOF,United States,Ohio,39,Preble,135
MEOF,United States,Ohio,39,Putnam,137
MEOF,United States,Ohio,39,Richland,139
MEOF,United States,Ohio,39,Ross,141
MEOF,United States,Ohio,39,Sandusky,143
MEOF,United States,Ohio,39,Scioto,145
MEOF,United States,Ohio,39,Shelby,149
MEOF,United States,Ohio,39,Stark,151
MEOF,United States,Ohio,39,Summit,153
MEOF,United States,Ohio,39,Trumbull,155
MEOF,United States,Ohio,39,Tuscarawas,157
MEOF,United States,Ohio,39,Union,159
MEOF,United States,Ohio,39,Van Wert,161
MEOF,United States,Ohio,39,Vinton,163
MEOF,United States,Ohio,39,Warren,165
MEOF,United States,Ohio,39,Washington,167
MEOF,United States,Ohio,39,Wayne,169
MEOF,United States,Ohio,39,Williams,171
MEOF,United States,Ohio,39,Wood,173
MEOF,United States,Ohio,39,Wyandot,175
MEOF,United States,Oklahoma,40,,
MEOF,United States,Oklahoma,40,Alfalfa,3
MEOF,United States,Oklahoma,40,Beaver,7
MEOF,United States,Oklahoma,40,Bryan,13
MEOF,United States,Oklahoma,40,Carter,19
MEOF,United States,Oklahoma,40,Cimarron,25
MEOF,United States,Oklahoma,40,Cleveland,27
MEOF,United States,Oklahoma,40,Comanche,31
MEOF,United States,Oklahoma,40,Creek,37
MEOF,United States,Oklahoma,40,Custer,39
MEOF,United States,Oklahoma,40,Delaware,41
MEOF,United States,Oklahoma,40,Garfield,47
MEOF,United States,Oklahoma,40,Grady,51
MEOF,United States,Oklahoma,40,Grant,53
MEOF,United States,Oklahoma,40,Hughes,63
MEOF,United States,Oklahoma,40,Jefferson,67
MEOF,United States,Oklahoma,40,Kay,71
MEOF,United States,Oklahoma,40,Kingfisher,73
MEOF,United States,Oklahoma,40,Logan,83
MEOF,United States,Oklahoma,40,Marshall,95
MEOF,United States,Oklahoma,40,Mayes,97
MEOF,United States,Oklahoma,40,McClain,87
MEOF,United States,Oklahoma,40,Murray,99
MEOF,United States,Oklahoma,40,Muskogee,101
MEOF,United States,Oklahoma,40,Noble,103
MEOF,United States,Oklahoma,40,Oklahoma,109
MEOF,United States,Oklahoma,40,Osage,113
MEOF,United States,Oklahoma,40,Ottawa,115
MEOF,United States,Oklahoma,40,Payne,119
MEOF,United States,Oklahoma,40,Pottawatomie,125
MEOF,United States,Oklahoma,40,Pushmataha,127
MEOF,United States,Oklahoma,40,Roger Mills,129
MEOF,United States,Oklahoma,40,Rogers,131
MEOF,United States,Oklahoma,40,Texas,139
MEOF,United States,Oklahoma,40,Tulsa,143
MEOF,United States,Oklahoma,40,Washington,147
MEOF,United States,Oklahoma,40,Washita,149
MEOF,United States,Oklahoma,40,Woods,151
MEOF,United States,Oregon,41,,
MEOF,United States,Oregon,41,Baker,1
MEOF,United States,Oregon,41,Benton,3
MEOF,United States,Oregon,41,Coos,11
MEOF,United States,Oregon,41,Crook,13
MEOF,United States,Oregon,41,Curry,15
MEOF,United States,Oregon,41,Deschutes,17
MEOF,United States,Oregon,41,Douglas,19
MEOF,United States,Oregon,41,Gilliam,21
MEOF,United States,Oregon,41,Grant,23
MEOF,United States,Oregon,41,Harney,25
MEOF,United States,Oregon,41,Hood River,27
MEOF,United States,Oregon,41,Jackson,29
MEOF,United States,Oregon,41,Jefferson,31
MEOF,United States,Oregon,41,Josephine,33
MEOF,United States,Oregon,41,Klamath,35
MEOF,United States,Oregon,41,Lake,37
MEOF,United States,Oregon,41,Lane,39
MEOF,United States,Oregon,41,Lincoln,41
MEOF,United States,Oregon,41,Linn,43
MEOF,United States,Oregon,41,Malheur,45
MEOF,United States,Oregon,41,Marion,47
MEOF,United States,Oregon,41,Multnomah,51
MEOF,United States,Oregon,41,Sherman,55
MEOF,United States,Oregon,41,Umatilla,59
MEOF,United States,Oregon,41,Union,61
MEOF,United States,Oregon,41,Wallowa,63
MEOF,United States,Oregon,41,Wasco,65
MEOF,United States,Oregon,41,Washington,67
MEOF,United States,Oregon,41,Wheeler,69
MEOF,United States,Oregon,41,Yamhill,71
MEOF,United States,Pennsylvania,42,,
MEOF,United States,Pennsylvania,42,Adams,1
MEOF,United States,Pennsylvania,42,Allegheny,3
MEOF,United States,Pennsylvania,42,Armstrong,5
MEOF,United States,Pennsylvania,42,Beaver,7
MEOF,United States,Pennsylvania,42,Bedford,9
MEOF,United States,Pennsylvania,42,Berks,11
MEOF,United States,Pennsylvania,42,Blair,13
MEOF,United States,Pennsylvania,42,Bradford,15
MEOF,United States,Pennsylvania,42,Bucks,17
MEOF,United States,Pennsylvania,42,Butler,19
MEOF,United States,Pennsylvania,42,Cambria,21
MEOF,United States,Pennsylvania,42,Cameron,23
MEOF,United States,Pennsylvania,42,Carbon,25
MEOF,United States,Pennsylvania,42,Centre,27
MEOF,United States,Pennsylvania,42,Chester,29
MEOF,United States,Pennsylvania,42,Clarion,31
MEOF,United States,Pennsylvania,42,Clearfield,33
MEOF,United States,Pennsylvania,42,Clinton,35
MEOF,United States,Pennsylvania,42,Columbia,37
MEOF,United States,Pennsylvania,42,Crawford,39
MEOF,United States,Pennsylvania,42,Cumberland,41
MEOF,United States,Pennsylvania,42,Dauphin,43
MEOF,United States,Pennsylvania,42,Delaware,45
MEOF,United States,Pennsylvania,42,Elk,47
MEOF,United States,Pennsylvania,42,Erie,49
MEOF,United States,Pennsylvania,42,Fayette,51
MEOF,United States,Pennsylvania,42,Forest,53
MEOF,United States,Pennsylvania,42,Franklin,55
MEOF,United States,Pennsylvania,42,Fulton,57
MEOF,United States,Pennsylvania,42,Greene,59
MEOF,United States,Pennsylvania,42,Huntingdon,61
MEOF,United States,Pennsylvania,42,Indiana,63
MEOF,United States,Pennsylvania,42,Jefferson,65
MEOF,United States,Pennsylvania,42,Juniata,67
MEOF,United States,Pennsylvania,42,Lackawanna,69
MEOF,United States,Pennsylvania,42,Lancaster,71
MEOF,United States,Pennsylvania,42,Lawrence,73
MEOF,United States,Pennsylvania,42,Lebanon,75
MEOF,United States,Pennsylvania,42,Lehigh,77
MEOF,United States,Pennsylvania,42,Luzerne,79
MEOF,United States,Pennsylvania,42,Lycoming,81
MEOF,United States,Pennsylvania,42,McKean,83
MEOF,United States,Pennsylvania,42,Mercer,85
MEOF,United States,Pennsylvania,42,Mifflin,87
MEOF,United States,Pennsylvania,42,Monroe,89
MEOF,United States,Pennsylvania,42,Montgomery,91
MEOF,United States,Pennsylvania,42,Montour,93
MEOF,United States,Pennsylvania,42,Northampton,95
MEOF,United States,Pennsylvania,42,Northumberland,97
MEOF,United States,Pennsylvania,42,Perry,99
MEOF,United States,Pennsylvania,42,Philadelphia,101
MEOF,United States,Pennsylvania,42,Pike,103
MEOF,United States,Pennsylvania,42,Potter,105
MEOF,United States,Pennsylvania,42,Schuylkill,107
MEOF,United States,Pennsylvania,42,Snyder,109
MEOF,United States,Pennsylvania,42,Somerset,111
MEOF,United States,Pennsylvania,42,Sullivan,113
MEOF,United States,Pennsylvania,42,Susquehanna,115
MEOF,United States,Pennsylvania,42,Tioga,117
MEOF,United States,Pennsylvania,42,Union,119
MEOF,United States,Pennsylvania,42,Venango,121
MEOF,United States,Pennsylvania,42,Warren,123
MEOF,United States,Pennsylvania,42,Washington,125
MEOF,United States,Pennsylvania,42,Wayne,127
MEOF,United States,Pennsylvania,42,Westmoreland,129
MEOF,United States,Pennsylvania,42,Wyoming,131
MEOF,United States,Pennsylvania,42,York,133
MEOF,United States,Rhode Island,44,,
MEOF,United States,Rhode Island,44,Bristol,1
MEOF,United States,Rhode Island,44,Kent,3
MEOF,United States,Rhode Island,44,Newport,5
MEOF,United States,Rhode Island,44,Providence,7
MEOF,United States,South Carolina,45,,
MEOF,United States,South Carolina,45,Abbeville,1
MEOF,United States,South Carolina,45,Aiken,3
MEOF,United States,South Carolina,45,Anderson,7
MEOF,United States,South Carolina,45,Berkeley,15
MEOF,United States,South Carolina,45,Charleston,19
MEOF,United States,South Carolina,45,Cherokee,21
MEOF,United States,South Carolina,45,Chester,23
MEOF,United States,South Carolina,45,Colleton,29
MEOF,United States,South Carolina,45,Darlington,31
MEOF,United States,South Carolina,45,Edgefield,37
MEOF,United States,South Carolina,45,Fairfield,39
MEOF,United States,South Carolina,45,Georgetown,43
MEOF,United States,South Carolina,45,Greenville,45
MEOF,United States,South Carolina,45,Greenwood,47
MEOF,United States,South Carolina,45,Horry,51
MEOF,United States,South Carolina,45,Kershaw,55
MEOF,United States,South Carolina,45,Laurens,59
MEOF,United States,South Carolina,45,Lexington,63
MEOF,United States,South Carolina,45,McCormick,65
MEOF,United States,South Carolina,45,Newberry,71
MEOF,United States,South Carolina,45,Oconee,73
MEOF,United States,South Carolina,45,Orangeburg,75
MEOF,United States,South Carolina,45,Pickens,77
MEOF,United States,South Carolina,45,Spartanburg,83
MEOF,United States,South Carolina,45,Union,87
MEOF,United States,South Carolina,45,York,91
MEOF,United States,South Dakota,46,,
MEOF,United States,South Dakota,46,Aurora,3
MEOF,United States,South Dakota,46,Beadle,5
MEOF,United States,South Dakota,46,Bon Homme,9
MEOF,United States,South Dakota,46,Brookings,11
MEOF,United States,South Dakota,46,Clay,27
MEOF,United States,South Dakota,46,Codington,29
MEOF,United States,South Dakota,46,Custer,33
MEOF,United States,South Dakota,46,Fall River,47
MEOF,United States,South Dakota,46,Harding,63
MEOF,United States,South Dakota,46,Jackson,71
MEOF,United States,South Dakota,46,Lawrence,81
MEOF,United States,South Dakota,46,Lincoln,83
MEOF,United States,South Dakota,46,Mellette,95
MEOF,United States,South Dakota,46,Minnehaha,99
MEOF,United States,South Dakota,46,Pennington,103
MEOF,United States,South Dakota,46,Perkins,105
MEOF,United States,South Dakota,46,Roberts,109
MEOF,United States,South Dakota,46,Todd,121
MEOF,United States,South Dakota,46,Union,127
MEOF,United States,South Dakota,46,Walworth,129
MEOF,United States,Tennessee,47,,
MEOF,United States,Tennessee,47,Anderson,1
MEOF,United States,Tennessee,47,Blount,9
MEOF,United States,Tennessee,47,Cannon,15
MEOF,United States,Tennessee,47,Carter,19
MEOF,United States,Tennessee,47,Cheatham,21
MEOF,United States,Tennessee,47,Claiborne,25
MEOF,United States,Tennessee,47,Clay,27
MEOF,United States,Tennessee,47,Cumberland,35
MEOF,United States,Tennessee,47,Davidson,37
MEOF,United States,Tennessee,47,Decatur,39
MEOF,United States,Tennessee,47,DeKalb,41
MEOF,United States,Tennessee,47,Dickson,43
MEOF,United States,Tennessee,47,Dyer,45
MEOF,United States,Tennessee,47,Fentress,49
MEOF,United States,Tennessee,47,Franklin,51
MEOF,United States,Tennessee,47,Grainger,57
MEOF,United States,Tennessee,47,Greene,59
MEOF,United States,Tennessee,47,Grundy,61
MEOF,United States,Tennessee,47,Hardin,71
MEOF,United States,Tennessee,47,Hawkins,73
MEOF,United States,Tennessee,47,Houston,83
MEOF,United States,Tennessee,47,Knox,93
MEOF,United States,Tennessee,47,Lewis,101
MEOF,United States,Tennessee,47,Loudon,105
MEOF,United States,Tennessee,47,Maury,119
MEOF,United States,Tennessee,47,McMinn,107
MEOF,United States,Tennessee,47,McNairy,109
MEOF,United States,Tennessee,47,Montgomery,125
MEOF,United States,Tennessee,47,Morgan,129
MEOF,United States,Tennessee,47,Roane,145
MEOF,United States,Tennessee,47,Robertson,147
MEOF,United States,Tennessee,47,Rutherford,149
MEOF,United States,Tennessee,47,Sevier,155
MEOF,United States,Tennessee,47,Shelby,157
MEOF,United States,Tennessee,47,Stewart,161
MEOF,United States,Tennessee,47,Sullivan,163
MEOF,United States,Tennessee,47,Sumner,165
MEOF,United States,Tennessee,47,Tipton,167
MEOF,United States,Tennessee,47,Trousdale,169
MEOF,United States,Tennessee,47,Unicoi,171
MEOF,United States,Tennessee,47,Williamson,187
MEOF,United States,Tennessee,47,Wilson,189
MEOF,United States,Texas,48,,
MEOF,United States,Texas,48,Anderson,1
MEOF,United States,Texas,48,Aransas,7
MEOF,United States,Texas,48,Bailey,17
MEOF,United States,Texas,48,Bandera,19
MEOF,United States,Texas,48,Bell,27
MEOF,United States,Texas,48,Bexar,29
MEOF,United States,Texas,48,Bosque,35
MEOF,United States,Texas,48,Brazoria,39
MEOF,United States,Texas,48,Brazos,41
MEOF,United States,Texas,48,Brewster,43
MEOF,United States,Texas,48,Briscoe,45
MEOF,United States,Texas,48,Brown,49
MEOF,United States,Texas,48,Burnet,53
MEOF,United States,Texas,48,Callahan,59
MEOF,United States,Texas,48,Cameron,61
MEOF,United States,Texas,48,Carson,65
MEOF,United States,Texas,48,Castro,69
MEOF,United States,Texas,48,Chambers,71
MEOF,United States,Texas,48,Collin,85
MEOF,United States,Texas,48,Collingsworth,87
MEOF,United States,Texas,48,Comanche,93
MEOF,United States,Texas,48,Coryell,99
MEOF,United States,Texas,48,Culberson,109
MEOF,United States,Texas,48,Dallam,111
MEOF,United States,Texas,48,Dallas,113
MEOF,United States,Texas,48,Deaf Smith,117
MEOF,United States,Texas,48,Denton,121
MEOF,United States,Texas,48,Donley,129
MEOF,United States,Texas,48,Ellis,139
MEOF,United States,Texas,48,Erath,143
MEOF,United States,Texas,48,Fannin,147
MEOF,United States,Texas,48,Fayette,149
MEOF,United States,Texas,48,Floyd,153
MEOF,United States,Texas,48,Gaines,165
MEOF,United States,Texas,48,Galveston,167
MEOF,United States,Texas,48,Garza,169
MEOF,United States,Texas,48,Gillespie,171
MEOF,United States,Texas,48,Grayson,181
MEOF,United States,Texas,48,Grimes,185
MEOF,United States,Texas,48,Guadalupe,187
MEOF,United States,Texas,48,Hale,189
MEOF,United States,Texas,48,Hamilton,193
MEOF,United States,Texas,48,Hansford,195
MEOF,United States,Texas,48,Harris,201
MEOF,United States,Texas,48,Harrison,203
MEOF,United States,Texas,48,Hartley,205
MEOF,United States,Texas,48,Hays,209
MEOF,United States,Texas,48,Hemphill,211
MEOF,United States,Texas,48,Houston,225
MEOF,United States,Texas,48,Hunt,231
MEOF,United States,Texas,48,Hutchinson,233
MEOF,United States,Texas,48,Jeff Davis,243
MEOF,United States,Texas,48,Jones,253
MEOF,United States,Texas,48,Karnes,255
MEOF,United States,Texas,48,Kerr,265
MEOF,United States,Texas,48,Kimble,267
MEOF,United States,Texas,48,La Salle,283
MEOF,United States,Texas,48,Lamar,277
MEOF,United States,Texas,48,Lee,287
MEOF,United States,Texas,48,Leon,289
MEOF,United States,Texas,48,Liberty,291
MEOF,United States,Texas,48,Lipscomb,295
MEOF,United States,Texas,48,Live Oak,297
MEOF,United States,Texas,48,Llano,299
MEOF,United States,Texas,48,Lubbock,303
MEOF,United States,Texas,48,Madison,313
MEOF,United States,Texas,48,Mason,319
MEOF,United States,Texas,48,McLennan,309
MEOF,United States,Texas,48,Medina,325
MEOF,United States,Texas,48,Milam,331
MEOF,United States,Texas,48,Montgomery,339
MEOF,United States,Texas,48,Moore,341
MEOF,United States,Texas,48,Motley,345
MEOF,United States,Texas,48,Nueces,355
MEOF,United States,Texas,48,Ochiltree,357
MEOF,United States,Texas,48,Oldham,359
MEOF,United States,Texas,48,Parmer,369
MEOF,United States,Texas,48,Pecos,371
MEOF,United States,Texas,48,Presidio,377
MEOF,United States,Texas,48,Randall,381
MEOF,United States,Texas,48,Real,385
MEOF,United States,Texas,48,Robertson,395
MEOF,United States,Texas,48,San Jacinto,407
MEOF,United States,Texas,48,San Patricio,409
MEOF,United States,Texas,48,Swisher,437
MEOF,United States,Texas,48,Tarrant,439
MEOF,United States,Texas,48,Taylor,441
MEOF,United States,Texas,48,Terrell,443
MEOF,United States,Texas,48,Travis,453
MEOF,United States,Texas,48,Uvalde,463
MEOF,United States,Texas,48,Victoria,469
MEOF,United States,Texas,48,Walker,471
MEOF,United States,Texas,48,Washington,477
MEOF,United States,Texas,48,Webb,479
MEOF,United States,Texas,48,Wheeler,483
MEOF,United States,Texas,48,Wichita,485
MEOF,United States,Texas,48,Wise,497
MEOF,United States,Texas,48,Yoakum,501
MEOF,United States,Utah,49,,
MEOF,United States,Utah,49,Beaver,1
MEOF,United States,Utah,49,Box Elder,3
MEOF,United States,Utah,49,Cache,5
MEOF,United States,Utah,49,Carbon,7
MEOF,United States,Utah,49,Daggett,9
MEOF,United States,Utah,49,Davis,11
MEOF,United States,Utah,49,Duchesne,13
MEOF,United States,Utah,49,Emery,15
MEOF,United States,Utah,49,Garfield,17
MEOF,United States,Utah,49,Grand,19
MEOF,United States,Utah,49,Iron,21
MEOF,United States,Utah,49,Juab,23
MEOF,United States,Utah,49,Kane,25
MEOF,United States,Utah,49,Millard,27
MEOF,United States,Utah,49,Morgan,29
MEOF,United States,Utah,49,Piute,31
MEOF,United States,Utah,49,Rich,33
MEOF,United States,Utah,49,Salt Lake,35
MEOF,United States,Utah,49,San Juan,37
MEOF,United States,Utah,49,Sanpete,39
MEOF,United States,Utah,49,Sevier,41
MEOF,United States,Utah,49,Summit,43
MEOF,United States,Utah,49,Tooele,45
MEOF,United States,Utah,49,Uintah,47
MEOF,United States,Utah,49,Utah,49
MEOF,United States,Utah,49,Wasatch,51
MEOF,United States,Utah,49,Washington,53
MEOF,United States,Utah,49,Wayne,55
MEOF,United States,Utah,49,Weber,57
MEOF,United States,Vermont,50,,
MEOF,United States,Vermont,50,Addison,1
MEOF,United States,Vermont,50,Bennington,3
MEOF,United States,Vermont,50,Caledonia,5
MEOF,United States,Vermont,50,Chittenden,7
MEOF,United States,Vermont,50,Essex,9
MEOF,United States,Vermont,50,Franklin,11
MEOF,United States,Vermont,50,Grand Isle,13
MEOF,United States,Vermont,50,Lamoille,15
MEOF,United States,Vermont,50,Orange,17
MEOF,United States,Vermont,50,Orleans,19
MEOF,United States,Vermont,50,Rutland,21
MEOF,United States,Vermont,50,Washington,23
MEOF,United States,Vermont,50,Windham,25
MEOF,United States,Vermont,50,Windsor,27
MEOF,United States,Virginia,51,,
MEOF,United States,Virginia,51,Accomack,1
MEOF,United States,Virginia,51,Albemarle,3
MEOF,United States,Virginia,51,Alleghany,5
MEOF,United States,Virginia,51,Amelia,7
MEOF,United States,Virginia,51,Amherst,9
MEOF,United States,Virginia,51,Appomattox,11
MEOF,United States,Virginia,51,Arlington,13
MEOF,United States,Virginia,51,Augusta,15
MEOF,United States,Virginia,51,Bath,17
MEOF,United States,Virginia,51,Bedford,19
MEOF,United States,Virginia,51,Bland,21
MEOF,United States,Virginia,51,Botetourt,23
MEOF,United States,Virginia,51,Brunswick,25
MEOF,United States,Virginia,51,Buchanan,27
MEOF,United States,Virginia,51,Buckingham,29
MEOF,United States,Virginia,51,Campbell,31
MEOF,United States,Virginia,51,Caroline,33
MEOF,United States,Virginia,51,Carroll,35
MEOF,United States,Virginia,51,Charles City,36
MEOF,United States,Virginia,51,Charlotte,37
MEOF,United States,Virginia,51,Chesapeake ,550
MEOF,United States,Virginia,51,Chesterfield,41
MEOF,United States,Virginia,51,Clarke,43
MEOF,United States,Virginia,51,Craig,45
MEOF,United States,Virginia,51,Culpeper,47
MEOF,United States,Virginia,51,Cumberland,49
MEOF,United States,Virginia,51,Dickenson,51
MEOF,United States,Virginia,51,Dinwiddie,53
MEOF,United States,Virginia,51,Essex,57
MEOF,United States,Virginia,51,Fairfax,59
MEOF,United States,Virginia,51,Fauquier,61
MEOF,United States,Virginia,51,Floyd,63
MEOF,United States,Virginia,51,Fluvanna,65
MEOF,United States,Virginia,51,Franklin,67
MEOF,United States,Virginia,51,Frederick,69
MEOF,United States,Virginia,51,Giles,71
MEOF,United States,Virginia,51,Gloucester,73
MEOF,United States,Virginia,51,Goochland,75
MEOF,United States,Virginia,51,Grayson,77
MEOF,United States,Virginia,51,Greene,79
MEOF,United States,Virginia,51,Greensville,81
MEOF,United States,Virginia,51,Halifax,83
MEOF,United States,Virginia,51,Hampton ,650
MEOF,United States,Virginia,51,Hanover,85
MEOF,United States,Virginia,51,Henrico,87
MEOF,United States,Virginia,51,Henry,89
MEOF,United States,Virginia,51,Highland,91
MEOF,United States,Virginia,51,Isle of Wight,93
MEOF,United States,Virginia,51,James City,95
MEOF,United States,Virginia,51,King and Queen,97
MEOF,United States,Virginia,51,King George,99
MEOF,United States,Virginia,51,King William,101
MEOF,United States,Virginia,51,Lancaster,103
MEOF,United States,Virginia,51,Lee,105
MEOF,United States,Virginia,51,Loudoun,107
MEOF,United States,Virginia,51,Louisa,109
MEOF,United States,Virginia,51,Lunenburg,111
MEOF,United States,Virginia,51,Madison,113
MEOF,United States,Virginia,51,Mathews,115
MEOF,United States,Virginia,51,Mecklenburg,117
MEOF,United States,Virginia,51,Middlesex,119
MEOF,United States,Virginia,51,Montgomery,121
MEOF,United States,Virginia,51,Nelson,125
MEOF,United States,Virginia,51,New Kent,127
MEOF,United States,Virginia,51,Newport News ,700
MEOF,United States,Virginia,51,Northampton,131
MEOF,United States,Virginia,51,Northumberland,133
MEOF,United States,Virginia,51,Nottoway,135
MEOF,United States,Virginia,51,Orange,137
MEOF,United States,Virginia,51,Page,139
MEOF,United States,Virginia,51,Patrick,141
MEOF,United States,Virginia,51,Pittsylvania,143
MEOF,United States,Virginia,51,Powhatan,145
MEOF,United States,Virginia,51,Prince Edward,147
MEOF,United States,Virginia,51,Prince George,149
MEOF,United States,Virginia,51,Prince William,153
MEOF,United States,Virginia,51,Pulaski,155
MEOF,United States,Virginia,51,Rappahannock,157
MEOF,United States,Virginia,51,Richmond,159
MEOF,United States,Virginia,51,Roanoke,161
MEOF,United States,Virginia,51,Rockbridge,163
MEOF,United States,Virginia,51,Rockingham,165
MEOF,United States,Virginia,51,Russell,167
MEOF,United States,Virginia,51,Scott,169
MEOF,United States,Virginia,51,Shenandoah,171
MEOF,United States,Virginia,51,Smyth,173
MEOF,United States,Virginia,51,Southampton,175
MEOF,United States,Virginia,51,Spotsylvania,177
MEOF,United States,Virginia,51,Stafford,179
MEOF,United States,Virginia,51,Suffolk ,800
MEOF,United States,Virginia,51,Surry,181
MEOF,United States,Virginia,51,Sussex,183
MEOF,United States,Virginia,51,Tazewell,185
MEOF,United States,Virginia,51,Virginia Beach ,810
MEOF,United States,Virginia,51,Warren,187
MEOF,United States,Virginia,51,Washington,191
MEOF,United States,Virginia,51,Westmoreland,193
MEOF,United States,Virginia,51,Wise,195
MEOF,United States,Virginia,51,Wythe,197
MEOF,United States,Virginia,51,York,199
MEOF,United States,Washington,53,,
MEOF,United States,Washington,53,Benton,5
MEOF,United States,Washington,53,Chelan,7
MEOF,United States,Washington,53,Clark,11
MEOF,United States,Washington,53,Columbia,13
MEOF,United States,Washington,53,Cowlitz,15
MEOF,United States,Washington,53,Douglas,17
MEOF,United States,Washington,53,Garfield,23
MEOF,United States,Washington,53,Grant,25
MEOF,United States,Washington,53,Grays Harbor,27
MEOF,United States,Washington,53,Island,29
MEOF,United States,Washington,53,King,33
MEOF,United States,Washington,53,Kitsap,35
MEOF,United States,Washington,53,Kittitas,37
MEOF,United States,Washington,53,Klickitat,39
MEOF,United States,Washington,53,Lincoln,43
MEOF,United States,Washington,53,Okanogan,47
MEOF,United States,Washington,53,Pacific,49
MEOF,United States,Washington,53,Pend Oreille,51
MEOF,United States,Washington,53,Pierce,53
MEOF,United States,Washington,53,San Juan,55
MEOF,United States,Washington,53,Skagit,57
MEOF,United States,Washington,53,Skamania,59
MEOF,United States,Washington,53,Snohomish,61
MEOF,United States,Washington,53,Spokane,63
MEOF,United States,Washington,53,Stevens,65
MEOF,United States,Washington,53,Thurston,67
MEOF,United States,Washington,53,Wahkiakum,69
MEOF,United States,Washington,53,Walla Walla,71
MEOF,United States,Washington,53,Whatcom,73
MEOF,United States,Washington,53,Whitman,75
MEOF,United States,Washington,53,Yakima,77
MEOF,United States,West Virginia,54,,
MEOF,United States,West Virginia,54,Barbour,1
MEOF,United States,West Virginia,54,Berkeley,3
MEOF,United States,West Virginia,54,Boone,5
MEOF,United States,West Virginia,54,Braxton,7
MEOF,United States,West Virginia,54,Brooke,9
MEOF,United States,West Virginia,54,Cabell,11
MEOF,United States,West Virginia,54,Calhoun,13
MEOF,United States,West Virginia,54,Doddridge,17
MEOF,United States,West Virginia,54,Fayette,19
MEOF,United States,West Virginia,54,Gilmer,21
MEOF,United States,West Virginia,54,Grant,23
MEOF,United States,West Virginia,54,Greenbrier,25
MEOF,United States,West Virginia,54,Hampshire,27
MEOF,United States,West Virginia,54,Hancock,29
MEOF,United States,West Virginia,54,Hardy,31
MEOF,United States,West Virginia,54,Harrison,33
MEOF,United States,West Virginia,54,Jackson,35
MEOF,United States,West Virginia,54,Jefferson,37
MEOF,United States,West Virginia,54,Kanawha,39
MEOF,United States,West Virginia,54,Lincoln,43
MEOF,United States,West Virginia,54,Logan,45
MEOF,United States,West Virginia,54,Marion,49
MEOF,United States,West Virginia,54,Marshall,51
MEOF,United States,West Virginia,54,Mason,53
MEOF,United States,West Virginia,54,McDowell,47
MEOF,United States,West Virginia,54,Mercer,55
MEOF,United States,West Virginia,54,Mineral,57
MEOF,United States,West Virginia,54,Monongalia,61
MEOF,United States,West Virginia,54,Morgan,65
MEOF,United States,West Virginia,54,Nicholas,67
MEOF,United States,West Virginia,54,Ohio,69
MEOF,United States,West Virginia,54,Pendleton,71
MEOF,United States,West Virginia,54,Pocahontas,75
MEOF,United States,West Virginia,54,Preston,77
MEOF,United States,West Virginia,54,Raleigh,81
MEOF,United States,West Virginia,54,Randolph,83
MEOF,United States,West Virginia,54,Ritchie,85
MEOF,United States,West Virginia,54,Roane,87
MEOF,United States,West Virginia,54,Summers,89
MEOF,United States,West Virginia,54,Taylor,91
MEOF,United States,West Virginia,54,Tucker,93
MEOF,United States,West Virginia,54,Tyler,95
MEOF,United States,West Virginia,54,Upshur,97
MEOF,United States,West Virginia,54,Wayne,99
MEOF,United States,West Virginia,54,Wetzel,103
MEOF,United States,West Virginia,54,Wirt,105
MEOF,United States,West Virginia,54,Wood,107
MEOF,United States,West Virginia,54,Wyoming,109
MEOF,United States,Wisconsin,55,,
MEOF,United States,Wisconsin,55,Adams,1
MEOF,United States,Wisconsin,55,Ashland,3
MEOF,United States,Wisconsin,55,Barron,5
MEOF,United States,Wisconsin,55,Bayfield,7
MEOF,United States,Wisconsin,55,Brown,9
MEOF,United States,Wisconsin,55,Buffalo,11
MEOF,United States,Wisconsin,55,Burnett,13
MEOF,United States,Wisconsin,55,Calumet,15
MEOF,United States,Wisconsin,55,Chippewa,17
MEOF,United States,Wisconsin,55,Columbia,21
MEOF,United States,Wisconsin,55,Crawford,23
MEOF,United States,Wisconsin,55,Dane,25
MEOF,United States,Wisconsin,55,Dodge,27
MEOF,United States,Wisconsin,55,Door,29
MEOF,United States,Wisconsin,55,Douglas,31
MEOF,United States,Wisconsin,55,Dunn,33
MEOF,United States,Wisconsin,55,Eau Claire,35
MEOF,United States,Wisconsin,55,Florence,37
MEOF,United States,Wisconsin,55,Fond du Lac,39
MEOF,United States,Wisconsin,55,Forest,41
MEOF,United States,Wisconsin,55,Grant,43
MEOF,United States,Wisconsin,55,Green,45
MEOF,United States,Wisconsin,55,Green Lake,47
MEOF,United States,Wisconsin,55,Iowa,49
MEOF,United States,Wisconsin,55,Iron,51
MEOF,United States,Wisconsin,55,Jackson,53
MEOF,United States,Wisconsin,55,Jefferson,55
MEOF,United States,Wisconsin,55,Kenosha,59
MEOF,United States,Wisconsin,55,Kewaunee,61
MEOF,United States,Wisconsin,55,La Crosse,63
MEOF,United States,Wisconsin,55,Lafayette,65
MEOF,United States,Wisconsin,55,Langlade,67
MEOF,United States,Wisconsin,55,Lincoln,69
MEOF,United States,Wisconsin,55,Manitowoc,71
MEOF,United States,Wisconsin,55,Marathon,73
MEOF,United States,Wisconsin,55,Marinette,75
MEOF,United States,Wisconsin,55,Marquette,77
MEOF,United States,Wisconsin,55,Milwaukee,79
MEOF,United States,Wisconsin,55,Monroe,81
MEOF,United States,Wisconsin,55,Oconto,83
MEOF,United States,Wisconsin,55,Oneida,85
MEOF,United States,Wisconsin,55,Outagamie,87
MEOF,United States,Wisconsin,55,Ozaukee,89
MEOF,United States,Wisconsin,55,Pepin,91
MEOF,United States,Wisconsin,55,Pierce,93
MEOF,United States,Wisconsin,55,Polk,95
MEOF,United States,Wisconsin,55,Portage,97
MEOF,United States,Wisconsin,55,Racine,101
MEOF,United States,Wisconsin,55,Richland,103
MEOF,United States,Wisconsin,55,Rock,105
MEOF,United States,Wisconsin,55,Rusk,107
MEOF,United States,Wisconsin,55,Sauk,111
MEOF,United States,Wisconsin,55,Sawyer,113
MEOF,United States,Wisconsin,55,Shawano,115
MEOF,United States,Wisconsin,55,Sheboygan,117
MEOF,United States,Wisconsin,55,St. Croix,109
MEOF,United States,Wisconsin,55,Taylor,119
MEOF,United States,Wisconsin,55,Trempealeau,121
MEOF,United States,Wisconsin,55,Vernon,123
MEOF,United States,Wisconsin,55,Vilas,125
MEOF,United States,Wisconsin,55,Walworth,127
MEOF,United States,Wisconsin,55,Washburn,129
MEOF,United States,Wisconsin,55,Washington,131
MEOF,United States,Wisconsin,55,Waukesha,133
MEOF,United States,Wisconsin,55,Waupaca,135
MEOF,United States,Wisconsin,55,Waushara,137
MEOF,United States,Wisconsin,55,Winnebago,139
MEOF,United States,Wisconsin,55,Wood,141
MEOF,United States,Wyoming,56,,
MEOF,United States,Wyoming,56,Albany,1
MEOF,United States,Wyoming,56,Big Horn,3
MEOF,United States,Wyoming,56,Campbell,5
MEOF,United States,Wyoming,56,Carbon,7
MEOF,United States,Wyoming,56,Converse,9
MEOF,United States,Wyoming,56,Crook,11
MEOF,United States,Wyoming,56,Fremont,13
MEOF,United States,Wyoming,56,Goshen,15
MEOF,United States,Wyoming,56,Johnson,19
MEOF,United States,Wyoming,56,Laramie,21
MEOF,United States,Wyoming,56,Lincoln,23
MEOF,United States,Wyoming,56,Natrona,25
MEOF,United States,Wyoming,56,Niobrara,27
MEOF,United States,Wyoming,56,Park,29
MEOF,United States,Wyoming,56,Platte,31
MEOF,United States,Wyoming,56,Sheridan,33
MEOF,United States,Wyoming,56,Sublette,35
MEOF,United States,Wyoming,56,Sweetwater,37
MEOF,United States,Wyoming,56,Teton,39
MEOF,United States,Wyoming,56,Uinta,41
MEOF,United States,Wyoming,56,Washakie,43
MEOF,United States,Wyoming,56,Weston,45
MEOF,United States,Guam,66,,
MEOF,United States,Puerto Rico,72,,
MEOF,United States,U.S. Minor Outlying Islands,74,,
MEOF,United States,U.S. Minor Outlying Islands,74,Midway Islands,300
MEOF,Canada,Labrador,LB,,
MEOF,Canada,Newfoundland,NF,,
